
> safetap@1.0.0 start
> expo start --lan --clear

env: load .env
env: export EXPO_PUBLIC_GOOGLE_MAPS_API_KEY EXPO_PUBLIC_API_URL
Starting project at C:\Users\peshelg\Desktop\Systems\Safetap-agentic\safetap
Starting Metro Bundler
warning: Bundler cache is empty, rebuilding (this may take a minute)
Waiting on http://localhost:8081
Logs for your project will appear below.
Android node_modules\expo-router\entry.js ░░░░░░░░░░░░░░░░  0.0% (0/1)
Android node_modules\expo-router\entry.js ▓▓▓░░░░░░░░░░░░░ 23.6% (172/354)
Android node_modules\expo-router\entry.js ▓▓▓▓▓▓▓▓▓▓░░░░░░ 68.3% ( 797/1035)
Android node_modules\expo-router\entry.js ▓▓▓▓▓▓▓▓▓▓▓▓▓▓░░ 91.6% (1529/1598)
Android Bundled 11351ms node_modules\expo-router\entry.js (1698 modules)
 WARN  SafeAreaView has been deprecated and will be removed in a future release. Please use 'react-native-safe-area-context' instead. See https://github.com/th3rdwave/react-native-safe-area-context
 WARN  [Layout children]: No route named "(tabs)/services" exists in nested children: ["+not-found", "contactDetails", "(auth)/initial", "(tabs)", "components/Header", "components/NewsCard", "components/NewsGrid", "components/NewsSummaryCard", "components/OfflineBanner", "components/SOSBottomSheet", "emergency-contacts/index", "hooks/useNetworkStatus", "maps/index", "press-release/[id]", "press-release/index", "report/[case]", "report/complaint/index", "services/CacheService", "traffic-violations/index"]
 WARN  [Layout children]: No route named "(tabs)/contacts" exists in nested children: ["+not-found", "contactDetails", "(auth)/initial", "(tabs)", "components/Header", "components/NewsCard", "components/NewsGrid", "components/NewsSummaryCard", "components/OfflineBanner", "components/SOSBottomSheet", "emergency-contacts/index", "hooks/useNetworkStatus", "maps/index", "press-release/[id]", "press-release/index", "report/[case]", "report/complaint/index", "services/CacheService", "traffic-violations/index"]
 WARN  [Layout children]: No route named "(tabs)/services" exists in nested children: ["+not-found", "contactDetails", "(auth)/initial", "(tabs)", "components/Header", "components/NewsCard", "components/NewsGrid", "components/NewsSummaryCard", "components/OfflineBanner", "components/SOSBottomSheet", "emergency-contacts/index", "hooks/useNetworkStatus", "maps/index", "press-release/[id]", "press-release/index", "report/[case]", "report/complaint/index", "services/CacheService", "traffic-violations/index"]
 WARN  [Layout children]: No route named "(tabs)/contacts" exists in nested children: ["+not-found", "contactDetails", "(auth)/initial", "(tabs)", "components/Header", "components/NewsCard", "components/NewsGrid", "components/NewsSummaryCard", "components/OfflineBanner", "components/SOSBottomSheet", "emergency-contacts/index", "hooks/useNetworkStatus", "maps/index", "press-release/[id]", "press-release/index", "report/[case]", "report/complaint/index", "services/CacheService", "traffic-violations/index"]
 WARN  [Layout children]: No route named "(tabs)/services" exists in nested children: ["+not-found", "contactDetails", "(auth)/initial", "(tabs)", "components/Header", "components/NewsCard", "components/NewsGrid", "components/NewsSummaryCard", "components/OfflineBanner", "components/SOSBottomSheet", "emergency-contacts/index", "hooks/useNetworkStatus", "maps/index", "press-release/[id]", "report/[case]", "report/complaint/index", "services/CacheService", "traffic-violations/index"]
 WARN  [Layout children]: No route named "(tabs)/contacts" exists in nested children: ["+not-found", "contactDetails", "(auth)/initial", "(tabs)", "components/Header", "components/NewsCard", "components/NewsGrid", "components/NewsSummaryCard", "components/OfflineBanner", "components/SOSBottomSheet", "emergency-contacts/index", "hooks/useNetworkStatus", "maps/index", "press-release/[id]", "report/[case]", "report/complaint/index", "services/CacheService", "traffic-violations/index"]
Android node_modules\expo-router\entry.js ░░░░░░░░░░░░░░░░  0.0% (0/1)
Android Bundled 54ms node_modules\expo-router\entry.js (1 module)
 WARN  SafeAreaView has been deprecated and will be removed in a future release. Please use 'react-native-safe-area-context' instead. See https://github.com/th3rdwave/react-native-safe-area-context
 WARN  [Layout children]: No route named "(tabs)/services" exists in nested children: ["+not-found", "contactDetails", "(auth)/initial", "(tabs)", "components/Header", "components/NewsCard", "components/NewsGrid", "components/NewsSummaryCard", "components/OfflineBanner", "components/SOSBottomSheet", "emergency-contacts/index", "hooks/useNetworkStatus", "maps/index", "press-release/[id]", "press-release/index", "report/[case]", "report/complaint/index", "services/CacheService", "traffic-violations/index"]
 WARN  [Layout children]: No route named "(tabs)/contacts" exists in nested children: ["+not-found", "contactDetails", "(auth)/initial", "(tabs)", "components/Header", "components/NewsCard", "components/NewsGrid", "components/NewsSummaryCard", "components/OfflineBanner", "components/SOSBottomSheet", "emergency-contacts/index", "hooks/useNetworkStatus", "maps/index", "press-release/[id]", "press-release/index", "report/[case]", "report/complaint/index", "services/CacheService", "traffic-violations/index"]
 WARN  Route "./components/Icons.jsx" is missing the required default export. Ensure a React component is exported as default.
 WARN  [Layout children]: No route named "(tabs)/services" exists in nested children: ["+not-found", "contactDetails", "(auth)/initial", "(tabs)", "components/Header", "components/NewsCard", "components/NewsGrid", "components/NewsSummaryCard", "components/OfflineBanner", "components/SOSBottomSheet", "emergency-contacts/index", "hooks/useNetworkStatus", "maps/index", "press-release/[id]", "press-release/index", "report/[case]", "report/complaint/index", "services/CacheService", "traffic-violations/index"]
 WARN  [Layout children]: No route named "(tabs)/contacts" exists in nested children: ["+not-found", "contactDetails", "(auth)/initial", "(tabs)", "components/Header", "components/NewsCard", "components/NewsGrid", "components/NewsSummaryCard", "components/OfflineBanner", "components/SOSBottomSheet", "emergency-contacts/index", "hooks/useNetworkStatus", "maps/index", "press-release/[id]", "press-release/index", "report/[case]", "report/complaint/index", "services/CacheService", "traffic-violations/index"]
 WARN  "child" is not a valid icon name for family "ionicons"
 WARN  "clipboard-check" is not a valid icon name for family "ionicons"
 WARN  "share-alt" is not a valid icon name for family "ionicons"
 WARN  "child" is not a valid icon name for family "ionicons"
 WARN  "clipboard-check" is not a valid icon name for family "ionicons"
 WARN  "share-alt" is not a valid icon name for family "ionicons"
 WARN  "child" is not a valid icon name for family "ionicons"
 WARN  "clipboard-check" is not a valid icon name for family "ionicons"
 WARN  "share-alt" is not a valid icon name for family "ionicons"
 WARN  "child" is not a valid icon name for family "ionicons"
 WARN  "clipboard-check" is not a valid icon name for family "ionicons"
 WARN  "share-alt" is not a valid icon name for family "ionicons"
 WARN  "child" is not a valid icon name for family "ionicons"
 WARN  "clipboard-check" is not a valid icon name for family "ionicons"
 WARN  "share-alt" is not a valid icon name for family "ionicons"
 WARN  "child" is not a valid icon name for family "ionicons"
 WARN  "clipboard-check" is not a valid icon name for family "ionicons"
 WARN  "share-alt" is not a valid icon name for family "ionicons"
Android node_modules\expo-router\entry.js ░░░░░░░░░░░░░░░░  0.0% (0/1)
Android node_modules\expo-router\entry.js ▓▓▓▓▓▓▓▓░░░░░░░░ 52.3% ( 791/1094)
Android node_modules\expo-router\entry.js ▓▓▓▓▓▓▓▓▓▓▓▓▓▓▓░ 96.5% (1618/1647)
Android Bundled 7920ms node_modules\expo-router\entry.js (1712 modules)
 WARN  Route "./components/Icons.jsx" is missing the required default export. Ensure a React component is exported as default.
 WARN  [Layout children]: No route named "(tabs)/services" exists in nested children: ["+not-found", "contactDetails", "(auth)/initial", "(tabs)", "components/Header", "components/NewsCard", "components/NewsGrid", "components/NewsSummaryCard", "components/OfflineBanner", "components/SOSBottomSheet", "emergency-contacts/index", "hooks/useNetworkStatus", "maps/index", "press-release/[id]", "press-release/index", "report/[case]", "report/complaint/index", "services/CacheService", "traffic-violations/index"]
 WARN  [Layout children]: No route named "(tabs)/contacts" exists in nested children: ["+not-found", "contactDetails", "(auth)/initial", "(tabs)", "components/Header", "components/NewsCard", "components/NewsGrid", "components/NewsSummaryCard", "components/OfflineBanner", "components/SOSBottomSheet", "emergency-contacts/index", "hooks/useNetworkStatus", "maps/index", "press-release/[id]", "press-release/index", "report/[case]", "report/complaint/index", "services/CacheService", "traffic-violations/index"]
 WARN  "child" is not a valid icon name for family "ionicons"
 WARN  "clipboard-check" is not a valid icon name for family "ionicons"
 WARN  "share-alt" is not a valid icon name for family "ionicons"
 WARN  "child" is not a valid icon name for family "ionicons"
 WARN  "clipboard-check" is not a valid icon name for family "ionicons"
 WARN  "share-alt" is not a valid icon name for family "ionicons"
 WARN  "child" is not a valid icon name for family "ionicons"
 WARN  "clipboard-check" is not a valid icon name for family "ionicons"
 WARN  "share-alt" is not a valid icon name for family "ionicons"
 WARN  "policy" is not a valid icon name for family "ionicons"
 WARN  "description" is not a valid icon name for family "ionicons"
 WARN  Route "./components/Icons.jsx" is missing the required default export. Ensure a React component is exported as default.
 WARN  [Layout children]: No route named "(tabs)/services" exists in nested children: ["+not-found", "contactDetails", "(auth)/initial", "(tabs)", "components/Header", "components/NewsCard", "components/NewsGrid", "components/NewsSummaryCard", "components/OfflineBanner", "components/SOSBottomSheet", "components/SmoothBottomSheet", "emergency-contacts/index", "hooks/useNetworkStatus", "maps/index", "press-release/[id]", "press-release/index", "report/[case]", "report/complaint/index", "services/CacheService", "traffic-violations/index"]
 WARN  [Layout children]: No route named "(tabs)/contacts" exists in nested children: ["+not-found", "contactDetails", "(auth)/initial", "(tabs)", "components/Header", "components/NewsCard", "components/NewsGrid", "components/NewsSummaryCard", "components/OfflineBanner", "components/SOSBottomSheet", "components/SmoothBottomSheet", "emergency-contacts/index", "hooks/useNetworkStatus", "maps/index", "press-release/[id]", "press-release/index", "report/[case]", "report/complaint/index", "services/CacheService", "traffic-violations/index"]
 WARN  "child" is not a valid icon name for family "ionicons"
 WARN  "clipboard-check" is not a valid icon name for family "ionicons"
 WARN  "share-alt" is not a valid icon name for family "ionicons"
 WARN  "child" is not a valid icon name for family "ionicons"
 WARN  "clipboard-check" is not a valid icon name for family "ionicons"
 WARN  "share-alt" is not a valid icon name for family "ionicons"
 WARN  "child" is not a valid icon name for family "ionicons"
 WARN  "clipboard-check" is not a valid icon name for family "ionicons"
 WARN  "share-alt" is not a valid icon name for family "ionicons"
Android node_modules\expo-router\entry.js ░░░░░░░░░░░░░░░░  0.0% (0/1)
Android Bundled 392ms node_modules\expo-router\entry.js (1 module)
 WARN  "child" is not a valid icon name for family "ionicons"
 WARN  "clipboard-check" is not a valid icon name for family "ionicons"
 WARN  "share-alt" is not a valid icon name for family "ionicons"
 WARN  "child" is not a valid icon name for family "ionicons"
 WARN  "clipboard-check" is not a valid icon name for family "ionicons"
 WARN  "share-alt" is not a valid icon name for family "ionicons"
 WARN  "map-marker-alt" is not a valid icon name for family "ionicons"
 WARN  "user" is not a valid icon name for family "ionicons"
 WARN  "door-closed" is not a valid icon name for family "ionicons"
 WARN  "exclamation-circle" is not a valid icon name for family "ionicons"
 WARN  "map-marker-alt" is not a valid icon name for family "ionicons"
 WARN  "user" is not a valid icon name for family "ionicons"
 WARN  "door-closed" is not a valid icon name for family "ionicons"
 WARN  "exclamation-circle" is not a valid icon name for family "ionicons"
 WARN  "child" is not a valid icon name for family "ionicons"
 WARN  "clipboard-check" is not a valid icon name for family "ionicons"
 WARN  "share-alt" is not a valid icon name for family "ionicons"
 WARN  "child" is not a valid icon name for family "ionicons"
 WARN  "clipboard-check" is not a valid icon name for family "ionicons"
 WARN  "share-alt" is not a valid icon name for family "ionicons"
 WARN  "cached" is not a valid icon name for family "ionicons"
Android node_modules\expo-router\entry.js ░░░░░░░░░░░░░░░░  0.0% (0/1)
Android Bundled 64ms node_modules\expo-router\entry.js (1 module)
 WARN  SafeAreaView has been deprecated and will be removed in a future release. Please use 'react-native-safe-area-context' instead. See https://github.com/th3rdwave/react-native-safe-area-context
 WARN  Route "./components/Icons.jsx" is missing the required default export. Ensure a React component is exported as default.
 WARN  [Layout children]: No route named "(tabs)/services" exists in nested children: ["+not-found", "contactDetails", "(auth)/initial", "(tabs)", "components/Header", "components/NewsCard", "components/NewsGrid", "components/NewsSummaryCard", "components/OfflineBanner", "components/SOSBottomSheet", "components/SmoothBottomSheet", "emergency-contacts/index", "hooks/useNetworkStatus", "maps/index", "press-release/[id]", "press-release/index", "report/[case]", "report/complaint/index", "services/CacheService", "traffic-violations/index"]
 WARN  [Layout children]: No route named "(tabs)/contacts" exists in nested children: ["+not-found", "contactDetails", "(auth)/initial", "(tabs)", "components/Header", "components/NewsCard", "components/NewsGrid", "components/NewsSummaryCard", "components/OfflineBanner", "components/SOSBottomSheet", "components/SmoothBottomSheet", "emergency-contacts/index", "hooks/useNetworkStatus", "maps/index", "press-release/[id]", "press-release/index", "report/[case]", "report/complaint/index", "services/CacheService", "traffic-violations/index"]
 WARN  "child" is not a valid icon name for family "ionicons"
 WARN  "clipboard-check" is not a valid icon name for family "ionicons"
 WARN  "share-alt" is not a valid icon name for family "ionicons"
 WARN  "child" is not a valid icon name for family "ionicons"
 WARN  "clipboard-check" is not a valid icon name for family "ionicons"
 WARN  "share-alt" is not a valid icon name for family "ionicons"
 WARN  "child" is not a valid icon name for family "ionicons"
 WARN  "clipboard-check" is not a valid icon name for family "ionicons"
 WARN  "share-alt" is not a valid icon name for family "ionicons"
 WARN  "child" is not a valid icon name for family "ionicons"
 WARN  "clipboard-check" is not a valid icon name for family "ionicons"
 WARN  "share-alt" is not a valid icon name for family "ionicons"
 WARN  "child" is not a valid icon name for family "ionicons"
 WARN  "clipboard-check" is not a valid icon name for family "ionicons"
 WARN  "share-alt" is not a valid icon name for family "ionicons"
 WARN  "child" is not a valid icon name for family "ionicons"
 WARN  "clipboard-check" is not a valid icon name for family "ionicons"
 WARN  "share-alt" is not a valid icon name for family "ionicons"
 WARN  "child" is not a valid icon name for family "ionicons"
 WARN  "clipboard-check" is not a valid icon name for family "ionicons"
 WARN  "share-alt" is not a valid icon name for family "ionicons"
 WARN  "child" is not a valid icon name for family "ionicons"
 WARN  "clipboard-check" is not a valid icon name for family "ionicons"
 WARN  "share-alt" is not a valid icon name for family "ionicons"
 WARN  "child" is not a valid icon name for family "ionicons"
 WARN  "clipboard-check" is not a valid icon name for family "ionicons"
 WARN  "share-alt" is not a valid icon name for family "ionicons"
Android node_modules\expo-router\entry.js ░░░░░░░░░░░░░░░░  0.0% (0/1)
Android Bundled 561ms node_modules\expo-router\entry.js (1 module)
Android node_modules\expo-router\entry.js ░░░░░░░░░░░░░░░░  0.0% (0/1)
Android Bundled 63ms node_modules\expo-router\entry.js (1 module)
 WARN  SafeAreaView has been deprecated and will be removed in a future release. Please use 'react-native-safe-area-context' instead. See https://github.com/th3rdwave/react-native-safe-area-context
 WARN  Route "./components/Icons.jsx" is missing the required default export. Ensure a React component is exported as default.
 WARN  [Layout children]: No route named "(tabs)/services" exists in nested children: ["+not-found", "contactDetails", "(auth)/initial", "(tabs)", "components/Header", "components/NewsCard", "components/NewsGrid", "components/NewsSummaryCard", "components/OfflineBanner", "components/SOSBottomSheet", "components/SmoothBottomSheet", "emergency-contacts/index", "hooks/useNetworkStatus", "maps/index", "press-release/[id]", "press-release/index", "report/[case]", "report/complaint/index", "services/CacheService", "traffic-violations/index"]
 WARN  [Layout children]: No route named "(tabs)/contacts" exists in nested children: ["+not-found", "contactDetails", "(auth)/initial", "(tabs)", "components/Header", "components/NewsCard", "components/NewsGrid", "components/NewsSummaryCard", "components/OfflineBanner", "components/SOSBottomSheet", "components/SmoothBottomSheet", "emergency-contacts/index", "hooks/useNetworkStatus", "maps/index", "press-release/[id]", "press-release/index", "report/[case]", "report/complaint/index", "services/CacheService", "traffic-violations/index"]
 WARN  "child" is not a valid icon name for family "ionicons"
 WARN  "clipboard-check" is not a valid icon name for family "ionicons"
 WARN  "share-alt" is not a valid icon name for family "ionicons"
 WARN  "child" is not a valid icon name for family "ionicons"
 WARN  "clipboard-check" is not a valid icon name for family "ionicons"
 WARN  "share-alt" is not a valid icon name for family "ionicons"
 WARN  "child" is not a valid icon name for family "ionicons"
 WARN  "clipboard-check" is not a valid icon name for family "ionicons"
 WARN  "share-alt" is not a valid icon name for family "ionicons"
 WARN  "child" is not a valid icon name for family "ionicons"
 WARN  "clipboard-check" is not a valid icon name for family "ionicons"
 WARN  "share-alt" is not a valid icon name for family "ionicons"
 WARN  "policy" is not a valid icon name for family "ionicons"
 WARN  "description" is not a valid icon name for family "ionicons"
 WARN  "child" is not a valid icon name for family "ionicons"
 WARN  "clipboard-check" is not a valid icon name for family "ionicons"
 WARN  "share-alt" is not a valid icon name for family "ionicons"
 WARN  "child" is not a valid icon name for family "ionicons"
 WARN  "clipboard-check" is not a valid icon name for family "ionicons"
 WARN  "share-alt" is not a valid icon name for family "ionicons"
Android node_modules\expo-router\entry.js ░░░░░░░░░░░░░░░░  0.0% (0/1)
Android Bundled 342ms node_modules\expo-router\entry.js (1 module)
 WARN  [Layout children]: No route named "(tabs)/services" exists in nested children: ["+not-found", "contactDetails", "(auth)/initial", "(tabs)", "components/Header", "components/NewsCard", "components/NewsGrid", "components/NewsSummaryCard", "components/OfflineBanner", "components/SOSBottomSheet", "components/SmoothBottomSheet", "emergency-contacts/index", "hooks/useNetworkStatus", "maps/index", "press-release/[id]", "press-release/index", "report/[case]", "report/complaint/index", "services/CacheService", "traffic-violations/index"]
 WARN  [Layout children]: No route named "(tabs)/contacts" exists in nested children: ["+not-found", "contactDetails", "(auth)/initial", "(tabs)", "components/Header", "components/NewsCard", "components/NewsGrid", "components/NewsSummaryCard", "components/OfflineBanner", "components/SOSBottomSheet", "components/SmoothBottomSheet", "emergency-contacts/index", "hooks/useNetworkStatus", "maps/index", "press-release/[id]", "press-release/index", "report/[case]", "report/complaint/index", "services/CacheService", "traffic-violations/index"]
Android node_modules\expo-router\entry.js ░░░░░░░░░░░░░░░░  0.0% (0/1)
Android Bundled 70ms node_modules\expo-router\entry.js (1 module)
 WARN  SafeAreaView has been deprecated and will be removed in a future release. Please use 'react-native-safe-area-context' instead. See https://github.com/th3rdwave/react-native-safe-area-context
 WARN  Route "./components/Icons.jsx" is missing the required default export. Ensure a React component is exported as default.
 WARN  [Layout children]: No route named "(tabs)/services" exists in nested children: ["+not-found", "contactDetails", "(auth)/initial", "(tabs)", "components/Header", "components/NewsCard", "components/NewsGrid", "components/NewsSummaryCard", "components/OfflineBanner", "components/SOSBottomSheet", "components/SmoothBottomSheet", "emergency-contacts/index", "hooks/useNetworkStatus", "maps/index", "press-release/[id]", "press-release/index", "report/[case]", "report/complaint/index", "services/CacheService", "traffic-violations/index"]
 WARN  [Layout children]: No route named "(tabs)/contacts" exists in nested children: ["+not-found", "contactDetails", "(auth)/initial", "(tabs)", "components/Header", "components/NewsCard", "components/NewsGrid", "components/NewsSummaryCard", "components/OfflineBanner", "components/SOSBottomSheet", "components/SmoothBottomSheet", "emergency-contacts/index", "hooks/useNetworkStatus", "maps/index", "press-release/[id]", "press-release/index", "report/[case]", "report/complaint/index", "services/CacheService", "traffic-violations/index"]
Android node_modules\expo-router\entry.js ░░░░░░░░░░░░░░░░  0.0% (0/1)
Android Bundled 148ms node_modules\expo-router\entry.js (1 module)
Android node_modules\expo-router\entry.js ░░░░░░░░░░░░░░░░  0.0% (0/1)
Android Bundled 75ms node_modules\expo-router\entry.js (1 module)
 WARN  SafeAreaView has been deprecated and will be removed in a future release. Please use 'react-native-safe-area-context' instead. See https://github.com/th3rdwave/react-native-safe-area-context
 WARN  Route "./components/Icons.jsx" is missing the required default export. Ensure a React component is exported as default.
 WARN  [Layout children]: No route named "(tabs)/services" exists in nested children: ["+not-found", "contactDetails", "(auth)/initial", "(tabs)", "components/Header", "components/NewsCard", "components/NewsGrid", "components/NewsSummaryCard", "components/OfflineBanner", "components/SOSBottomSheet", "components/SmoothBottomSheet", "emergency-contacts/index", "hooks/useNetworkStatus", "maps/index", "press-release/[id]", "press-release/index", "report/[case]", "report/complaint/index", "services/CacheService", "traffic-violations/index"]
 WARN  [Layout children]: No route named "(tabs)/contacts" exists in nested children: ["+not-found", "contactDetails", "(auth)/initial", "(tabs)", "components/Header", "components/NewsCard", "components/NewsGrid", "components/NewsSummaryCard", "components/OfflineBanner", "components/SOSBottomSheet", "components/SmoothBottomSheet", "emergency-contacts/index", "hooks/useNetworkStatus", "maps/index", "press-release/[id]", "press-release/index", "report/[case]", "report/complaint/index", "services/CacheService", "traffic-violations/index"]
 WARN  Route "./components/Icons.jsx" is missing the required default export. Ensure a React component is exported as default.
 WARN  [Layout children]: No route named "(tabs)/services" exists in nested children: ["+not-found", "contactDetails", "(auth)/initial", "(tabs)", "components/ArticleImage", "components/Header", "components/NewsCard", "components/NewsGrid", "components/NewsSummaryCard", "components/OfflineBanner", "components/SOSBottomSheet", "components/SmoothBottomSheet", "emergency-contacts/index", "hooks/useNetworkStatus", "maps/index", "press-release/[id]", "press-release/index", "report/[case]", "report/complaint/index", "services/CacheService", "traffic-violations/index"]
 WARN  [Layout children]: No route named "(tabs)/contacts" exists in nested children: ["+not-found", "contactDetails", "(auth)/initial", "(tabs)", "components/ArticleImage", "components/Header", "components/NewsCard", "components/NewsGrid", "components/NewsSummaryCard", "components/OfflineBanner", "components/SOSBottomSheet", "components/SmoothBottomSheet", "emergency-contacts/index", "hooks/useNetworkStatus", "maps/index", "press-release/[id]", "press-release/index", "report/[case]", "report/complaint/index", "services/CacheService", "traffic-violations/index"]
Android node_modules\expo-router\entry.js ░░░░░░░░░░░░░░░░  0.0% (0/1)
Android Bundled 315ms node_modules\expo-router\entry.js (1 module)
Android node_modules\expo-router\entry.js ░░░░░░░░░░░░░░░░  0.0% (0/1)
Android Bundled 227ms node_modules\expo-router\entry.js (1 module)
Android node_modules\expo-router\entry.js ░░░░░░░░░░░░░░░░  0.0% (0/1)
Android Bundled 104ms node_modules\expo-router\entry.js (1 module)
 WARN  SafeAreaView has been deprecated and will be removed in a future release. Please use 'react-native-safe-area-context' instead. See https://github.com/th3rdwave/react-native-safe-area-context
 WARN  Route "./components/Icons.jsx" is missing the required default export. Ensure a React component is exported as default.
 WARN  [Layout children]: No route named "(tabs)/services" exists in nested children: ["+not-found", "contactDetails", "(auth)/initial", "(tabs)", "components/ArticleImage", "components/Header", "components/NewsCard", "components/NewsGrid", "components/NewsSummaryCard", "components/OfflineBanner", "components/SOSBottomSheet", "components/SmoothBottomSheet", "emergency-contacts/index", "hooks/useNetworkStatus", "maps/index", "press-release/[id]", "press-release/index", "report/[case]", "report/complaint/index", "services/CacheService", "traffic-violations/index"]
 WARN  [Layout children]: No route named "(tabs)/contacts" exists in nested children: ["+not-found", "contactDetails", "(auth)/initial", "(tabs)", "components/ArticleImage", "components/Header", "components/NewsCard", "components/NewsGrid", "components/NewsSummaryCard", "components/OfflineBanner", "components/SOSBottomSheet", "components/SmoothBottomSheet", "emergency-contacts/index", "hooks/useNetworkStatus", "maps/index", "press-release/[id]", "press-release/index", "report/[case]", "report/complaint/index", "services/CacheService", "traffic-violations/index"]
Android node_modules\expo-router\entry.js ░░░░░░░░░░░░░░░░  0.0% (0/1)
Android Bundled 406ms node_modules\expo-router\entry.js (1 module)
Android node_modules\expo-router\entry.js ░░░░░░░░░░░░░░░░  0.0% (0/1)
Android Bundled 628ms node_modules\expo-router\entry.js (1 module)
Android node_modules\expo-router\entry.js ░░░░░░░░░░░░░░░░  0.0% (0/1)
Android Bundled 313ms node_modules\expo-router\entry.js (1 module)
 WARN  SafeAreaView has been deprecated and will be removed in a future release. Please use 'react-native-safe-area-context' instead. See https://github.com/th3rdwave/react-native-safe-area-context
 WARN  Route "./components/Icons.jsx" is missing the required default export. Ensure a React component is exported as default.
 WARN  [Layout children]: No route named "(tabs)/services" exists in nested children: ["+not-found", "contactDetails", "(auth)/initial", "(tabs)", "components/ArticleImage", "components/Header", "components/NewsCard", "components/NewsGrid", "components/NewsSummaryCard", "components/OfflineBanner", "components/SOSBottomSheet", "components/SmoothBottomSheet", "emergency-contacts/index", "hooks/useNetworkStatus", "maps/index", "press-release/[id]", "press-release/index", "report/[case]", "report/complaint/index", "services/CacheService", "traffic-violations/index"]
 WARN  [Layout children]: No route named "(tabs)/contacts" exists in nested children: ["+not-found", "contactDetails", "(auth)/initial", "(tabs)", "components/ArticleImage", "components/Header", "components/NewsCard", "components/NewsGrid", "components/NewsSummaryCard", "components/OfflineBanner", "components/SOSBottomSheet", "components/SmoothBottomSheet", "emergency-contacts/index", "hooks/useNetworkStatus", "maps/index", "press-release/[id]", "press-release/index", "report/[case]", "report/complaint/index", "services/CacheService", "traffic-violations/index"]
 ERROR  [TypeError: Cannot read property 'filter' of undefined] 

Call Stack
  Services (app\(tabs)\services.jsx)
  callComponent.reactStackBottomFrame (node_modules\react-native\Libraries\Renderer\implementations\ReactFabric-dev.js)
  renderWithHooks (node_modules\react-native\Libraries\Renderer\implementations\ReactFabric-dev.js)
  updateFunctionComponent (node_modules\react-native\Libraries\Renderer\implementations\ReactFabric-dev.js)
  beginWork (node_modules\react-native\Libraries\Renderer\implementations\ReactFabric-dev.js)
  runWithFiberInDEV (node_modules\react-native\Libraries\Renderer\implementations\ReactFabric-dev.js)
  performUnitOfWork (node_modules\react-native\Libraries\Renderer\implementations\ReactFabric-dev.js)
  workLoopSync (node_modules\react-native\Libraries\Renderer\implementations\ReactFabric-dev.js)
  renderRootSync (node_modules\react-native\Libraries\Renderer\implementations\ReactFabric-dev.js)
  performWorkOnRoot (node_modules\react-native\Libraries\Renderer\implementations\ReactFabric-dev.js)
  performSyncWorkOnRoot (node_modules\react-native\Libraries\Renderer\implementations\ReactFabric-dev.js)
  flushSyncWorkAcrossRoots_impl (node_modules\react-native\Libraries\Renderer\implementations\ReactFabric-dev.js)
  processRootScheduleInMicrotask (node_modules\react-native\Libraries\Renderer\implementations\ReactFabric-dev.js)
  scheduleMicrotask$argument_0 (node_modules\react-native\Libraries\Renderer\implementations\ReactFabric-dev.js) 

Call Stack
  call (<native>)
  apply (<native>)
  <anonymous> (node_modules\react-native-css-interop\dist\runtime\wrap-jsx.js)
  BaseRoute (node_modules\expo-router\build\useScreens.js)
  SceneView (node_modules\@react-navigation\core\lib\module\SceneView.js)
  render (node_modules\@react-navigation\core\lib\module\useDescriptors.js)
  routes.reduce$argument_0 (node_modules\@react-navigation\core\lib\module\useDescriptors.js)
  reduce (<native>)
  useDescriptors (node_modules\@react-navigation\core\lib\module\useDescriptors.js)
  useNavigationBuilder (node_modules\@react-navigation\core\lib\module\useNavigationBuilder.js)
  BottomTabNavigator (node_modules\@react-navigation\bottom-tabs\lib\module\navigators\createBottomTabNavigator.js)
  call (<native>)
  apply (<native>)
  <anonymous> (node_modules\react-native-css-interop\dist\runtime\wrap-jsx.js)
  <anonymous> (node_modules\expo-router\build\layouts\withLayoutContext.js)
  call (<native>)
  apply (<native>)
  <anonymous> (node_modules\react-native-css-interop\dist\runtime\wrap-jsx.js)
  Object.assign$argument_0 (node_modules\expo-router\build\layouts\TabsClient.js)
  call (<native>)
  apply (<native>)
  <anonymous> (node_modules\react-native-css-interop\dist\runtime\wrap-jsx.js)
  RootLayout (app\(tabs)\_layout.jsx)
  call (<native>)
  apply (<native>)
  <anonymous> (node_modules\react-native-css-interop\dist\runtime\wrap-jsx.js)
  BaseRoute (node_modules\expo-router\build\useScreens.js)
  SceneView (node_modules\@react-navigation\core\lib\module\SceneView.js)
  render (node_modules\@react-navigation\core\lib\module\useDescriptors.js)
  routes.reduce$argument_0 (node_modules\@react-navigation\core\lib\module\useDescriptors.js)
  reduce (<native>)
  useDescriptors (node_modules\@react-navigation\core\lib\module\useDescriptors.js)
  useNavigationBuilder (node_modules\@react-navigation\core\lib\module\useNavigationBuilder.js)
  NativeStackNavigator (node_modules\expo-router\build\fork\native-stack\createNativeStackNavigator.js)
  call (<native>)
  apply (<native>)
  <anonymous> (node_modules\react-native-css-interop\dist\runtime\wrap-jsx.js)
  <anonymous> (node_modules\expo-router\build\layouts\withLayoutContext.js)
  call (<native>)
  apply (<native>)
  <anonymous> (node_modules\react-native-css-interop\dist\runtime\wrap-jsx.js)
  Object.assign$argument_0 (node_modules\expo-router\build\layouts\StackClient.js)
  call (<native>)
  apply (<native>)
  <anonymous> (node_modules\react-native-css-interop\dist\runtime\wrap-jsx.js)
  RootLayout (app\_layout.jsx)
  call (<native>)
  apply (<native>)
  <anonymous> (node_modules\react-native-css-interop\dist\runtime\wrap-jsx.js)
  BaseRoute (node_modules\expo-router\build\useScreens.js)
  SceneView (node_modules\@react-navigation\core\lib\module\SceneView.js)
  render (node_modules\@react-navigation\core\lib\module\useDescriptors.js)
  routes.reduce$argument_0 (node_modules\@react-navigation\core\lib\module\useDescriptors.js)
  reduce (<native>)
  useDescriptors (node_modules\@react-navigation\core\lib\module\useDescriptors.js)
  useNavigationBuilder (node_modules\@react-navigation\core\lib\module\useNavigationBuilder.js)
  Content (node_modules\expo-router\build\ExpoRoot.js)
  call (<native>)
  apply (<native>)
  <anonymous> (node_modules\react-native-css-interop\dist\runtime\wrap-jsx.js)
  ContextNavigator (node_modules\expo-router\build\ExpoRoot.js)
  call (<native>)
  apply (<native>)
  <anonymous> (node_modules\react-native-css-interop\dist\runtime\wrap-jsx.js)
  ExpoRoot (node_modules\expo-router\build\ExpoRoot.js)
  call (<native>)
  apply (<native>)
  <anonymous> (node_modules\react-native-css-interop\dist\runtime\wrap-jsx.js)
  App (node_modules\expo-router\build\qualified-entry.js)
  call (<native>)
  apply (<native>)
  <anonymous> (node_modules\react-native-css-interop\dist\runtime\wrap-jsx.js)
  WithDevTools (node_modules\expo\src\launch\withDevTools.tsx)
 WARN  Route "./components/Icons.jsx" is missing the required default export. Ensure a React component is exported as default.
 WARN  [Layout children]: No route named "(tabs)/services" exists in nested children: ["+not-found", "contactDetails", "(auth)/initial", "(tabs)", "components/ArticleImage", "components/Header", "components/NewsCard", "components/NewsGrid", "components/NewsSummaryCard", "components/OfflineBanner", "components/SOSBottomSheet", "components/SmoothBottomSheet", "emergency-contacts/index", "hooks/useNetworkStatus", "maps/index", "press-release/[id]", "press-release/index", "report/[case]", "report/complaint/index", "services/CacheService", "traffic-violations/index"]
 WARN  [Layout children]: No route named "(tabs)/contacts" exists in nested children: ["+not-found", "contactDetails", "(auth)/initial", "(tabs)", "components/ArticleImage", "components/Header", "components/NewsCard", "components/NewsGrid", "components/NewsSummaryCard", "components/OfflineBanner", "components/SOSBottomSheet", "components/SmoothBottomSheet", "emergency-contacts/index", "hooks/useNetworkStatus", "maps/index", "press-release/[id]", "press-release/index", "report/[case]", "report/complaint/index", "services/CacheService", "traffic-violations/index"]
Android node_modules\expo-router\entry.js ░░░░░░░░░░░░░░░░  0.0% (0/1)
Android Bundled 396ms node_modules\expo-router\entry.js (1 module)
Android node_modules\expo-router\entry.js ░░░░░░░░░░░░░░░░  0.0% (0/1)
Android Bundled 84ms node_modules\expo-router\entry.js (1 module)
 WARN  SafeAreaView has been deprecated and will be removed in a future release. Please use 'react-native-safe-area-context' instead. See https://github.com/th3rdwave/react-native-safe-area-context
Android node_modules\expo-router\entry.js ░░░░░░░░░░░░░░░░  0.0% (0/1)
Android Bundled 386ms node_modules\expo-router\entry.js (1 module)
Android node_modules\expo-router\entry.js ░░░░░░░░░░░░░░░░  0.0% (0/1)
Android Bundled 539ms node_modules\expo-router\entry.js (1 module)
Android node_modules\expo-router\entry.js ░░░░░░░░░░░░░░░░  0.0% (0/1)
Android Bundled 254ms node_modules\expo-router\entry.js (1 module)
Android node_modules\expo-router\entry.js ░░░░░░░░░░░░░░░░  0.0% (0/1)
Android Bundled 116ms node_modules\expo-router\entry.js (1 module)
 WARN  SafeAreaView has been deprecated and will be removed in a future release. Please use 'react-native-safe-area-context' instead. See https://github.com/th3rdwave/react-native-safe-area-context
Android node_modules\expo-router\entry.js ░░░░░░░░░░░░░░░░  0.0% (0/1)
Android Bundled 261ms node_modules\expo-router\entry.js (1 module)
Android node_modules\expo-router\entry.js ░░░░░░░░░░░░░░░░  0.0% (0/1)
Android Bundled 80ms node_modules\expo-router\entry.js (1 module)
 WARN  SafeAreaView has been deprecated and will be removed in a future release. Please use 'react-native-safe-area-context' instead. See https://github.com/th3rdwave/react-native-safe-area-context
Android node_modules\expo-router\entry.js ░░░░░░░░░░░░░░░░  0.0% (0/1)
Android Bundled 471ms node_modules\expo-router\entry.js (1 module)
Android node_modules\expo-router\entry.js ░░░░░░░░░░░░░░░░  0.0% (0/1)
Android Bundled 508ms node_modules\expo-router\entry.js (1 module)
Android node_modules\expo-router\entry.js ░░░░░░░░░░░░░░░░  0.0% (0/1)
Android Bundled 178ms node_modules\expo-router\entry.js (1 module)
 WARN  SafeAreaView has been deprecated and will be removed in a future release. Please use 'react-native-safe-area-context' instead. See https://github.com/th3rdwave/react-native-safe-area-context
 ERROR  Style property 'width' is not supported by native animated module 

Call Stack
  construct (<native>)
  apply (<native>)
  _construct (node_modules\@babel\runtime\helpers\construct.js)
  Wrapper (node_modules\@babel\runtime\helpers\wrapNativeSuper.js)
  construct (<native>)
  _callSuper (node_modules\@babel\runtime\helpers\callSuper.js)
  NamelessError (node_modules\@expo\metro-runtime\src\metroServerLogs.native.ts)
  captureCurrentStack (node_modules\@expo\metro-runtime\src\metroServerLogs.native.ts)
  HMRClient.log (node_modules\@expo\metro-runtime\src\metroServerLogs.native.ts)
  console.level (node_modules\react-native\Libraries\Core\setUpDeveloperTools.js)
  validateStyles (node_modules\react-native\src\private\animated\NativeAnimatedValidation.js)
  __getNativeConfig (node_modules\react-native\Libraries\Animated\nodes\AnimatedStyle.js)
  __getNativeTag (node_modules\react-native\Libraries\Animated\nodes\AnimatedNode.js)
  __makeNative (node_modules\react-native\Libraries\Animated\nodes\AnimatedWithChildren.js)
  apply (<native>)
  <anonymous> (node_modules\@babel\runtime\helpers\superPropGet.js)
  __makeNative (node_modules\react-native\Libraries\Animated\nodes\AnimatedStyle.js)
  __makeNative (node_modules\react-native\Libraries\Animated\nodes\AnimatedWithChildren.js)
  apply (<native>)
  <anonymous> (node_modules\@babel\runtime\helpers\superPropGet.js)
  __makeNative (node_modules\react-native\Libraries\Animated\nodes\AnimatedInterpolation.js)
  __makeNative (node_modules\react-native\Libraries\Animated\nodes\AnimatedStyle.js)
  __makeNative (node_modules\react-native\Libraries\Animated\nodes\AnimatedWithChildren.js)
  apply (<native>)
  <anonymous> (node_modules\@babel\runtime\helpers\superPropGet.js)
  __makeNative (node_modules\react-native\Libraries\Animated\nodes\AnimatedInterpolation.js)
  __makeNative (node_modules\react-native\Libraries\Animated\nodes\AnimatedWithChildren.js)
  apply (<native>)
  <anonymous> (node_modules\@babel\runtime\helpers\superPropGet.js)
  __makeNative (node_modules\react-native\Libraries\Animated\nodes\AnimatedValue.js)
  traverse (node_modules\react-native\Libraries\Animated\AnimatedEvent.js)
  traverse (node_modules\react-native\Libraries\Animated\AnimatedEvent.js)
  traverse (node_modules\react-native\Libraries\Animated\AnimatedEvent.js)
  attachNativeEventImpl (node_modules\react-native\Libraries\Animated\AnimatedEvent.js)
  __attach (node_modules\react-native\Libraries\Animated\AnimatedEvent.js)
  refEffect (node_modules\react-native\src\private\animated\createAnimatedPropsHook.js)
  <anonymous> (node_modules\react-native\Libraries\Utilities\useRefEffect.js)
  refs.map$argument_0 (node_modules\react-native\Libraries\Utilities\useMergeRefs.js)
  map (<native>)
  refEffect (node_modules\react-native\Libraries\Utilities\useMergeRefs.js)
  <anonymous> (node_modules\react-native\Libraries\Utilities\useRefEffect.js)
  commitAttachRef (node_modules\react-native\Libraries\Renderer\implementations\ReactFabric-dev.js)
  runWithFiberInDEV (node_modules\react-native\Libraries\Renderer\implementations\ReactFabric-dev.js)
  safelyAttachRef (node_modules\react-native\Libraries\Renderer\implementations\ReactFabric-dev.js)
  commitLayoutEffectOnFiber (node_modules\react-native\Libraries\Renderer\implementations\ReactFabric-dev.js)
  recursivelyTraverseLayoutEffects (node_modules\react-native\Libraries\Renderer\implementations\ReactFabric-dev.js)
  commitLayoutEffectOnFiber (node_modules\react-native\Libraries\Renderer\implementations\ReactFabric-dev.js)
  recursivelyTraverseLayoutEffects (node_modules\react-native\Libraries\Renderer\implementations\ReactFabric-dev.js)
  commitLayoutEffectOnFiber (node_modules\react-native\Libraries\Renderer\implementations\ReactFabric-dev.js)
  recursivelyTraverseLayoutEffects (node_modules\react-native\Libraries\Renderer\implementations\ReactFabric-dev.js)
  recursivelyTraverseLayoutEffects (node_modules\react-native\Libraries\Renderer\implementations\ReactFabric-dev.js)
  commitLayoutEffectOnFiber (node_modules\react-native\Libraries\Renderer\implementations\ReactFabric-dev.js)
  recursivelyTraverseLayoutEffects (node_modules\react-native\Libraries\Renderer\implementations\ReactFabric-dev.js)
  commitLayoutEffectOnFiber (node_modules\react-native\Libraries\Renderer\implementations\ReactFabric-dev.js)
  recursivelyTraverseLayoutEffects (node_modules\react-native\Libraries\Renderer\implementations\ReactFabric-dev.js)
  commitLayoutEffectOnFiber (node_modules\react-native\Libraries\Renderer\implementations\ReactFabric-dev.js)
  recursivelyTraverseLayoutEffects (node_modules\react-native\Libraries\Renderer\implementations\ReactFabric-dev.js)
  commitLayoutEffectOnFiber (node_modules\react-native\Libraries\Renderer\implementations\ReactFabric-dev.js)
  recursivelyTraverseLayoutEffects (node_modules\react-native\Libraries\Renderer\implementations\ReactFabric-dev.js)
  commitLayoutEffectOnFiber (node_modules\react-native\Libraries\Renderer\implementations\ReactFabric-dev.js)
  recursivelyTraverseLayoutEffects (node_modules\react-native\Libraries\Renderer\implementations\ReactFabric-dev.js)
  commitLayoutEffectOnFiber (node_modules\react-native\Libraries\Renderer\implementations\ReactFabric-dev.js)
  recursivelyTraverseLayoutEffects (node_modules\react-native\Libraries\Renderer\implementations\ReactFabric-dev.js)
  commitLayoutEffectOnFiber (node_modules\react-native\Libraries\Renderer\implementations\ReactFabric-dev.js)
  recursivelyTraverseLayoutEffects (node_modules\react-native\Libraries\Renderer\implementations\ReactFabric-dev.js)
  commitLayoutEffectOnFiber (node_modules\react-native\Libraries\Renderer\implementations\ReactFabric-dev.js)
  recursivelyTraverseLayoutEffects (node_modules\react-native\Libraries\Renderer\implementations\ReactFabric-dev.js)
  commitLayoutEffectOnFiber (node_modules\react-native\Libraries\Renderer\implementations\ReactFabric-dev.js)
  recursivelyTraverseLayoutEffects (node_modules\react-native\Libraries\Renderer\implementations\ReactFabric-dev.js)
  commitLayoutEffectOnFiber (node_modules\react-native\Libraries\Renderer\implementations\ReactFabric-dev.js)
  recursivelyTraverseLayoutEffects (node_modules\react-native\Libraries\Renderer\implementations\ReactFabric-dev.js)
  commitLayoutEffectOnFiber (node_modules\react-native\Libraries\Renderer\implementations\ReactFabric-dev.js)
  recursivelyTraverseLayoutEffects (node_modules\react-native\Libraries\Renderer\implementations\ReactFabric-dev.js)
  commitLayoutEffectOnFiber (node_modules\react-native\Libraries\Renderer\implementations\ReactFabric-dev.js)
  recursivelyTraverseLayoutEffects (node_modules\react-native\Libraries\Renderer\implementations\ReactFabric-dev.js)
  commitLayoutEffectOnFiber (node_modules\react-native\Libraries\Renderer\implementations\ReactFabric-dev.js)
  recursivelyTraverseLayoutEffects (node_modules\react-native\Libraries\Renderer\implementations\ReactFabric-dev.js)
  commitLayoutEffectOnFiber (node_modules\react-native\Libraries\Renderer\implementations\ReactFabric-dev.js)
  recursivelyTraverseLayoutEffects (node_modules\react-native\Libraries\Renderer\implementations\ReactFabric-dev.js)
  commitLayoutEffectOnFiber (node_modules\react-native\Libraries\Renderer\implementations\ReactFabric-dev.js)
  recursivelyTraverseLayoutEffects (node_modules\react-native\Libraries\Renderer\implementations\ReactFabric-dev.js)
  commitLayoutEffectOnFiber (node_modules\react-native\Libraries\Renderer\implementations\ReactFabric-dev.js)
  recursivelyTraverseLayoutEffects (node_modules\react-native\Libraries\Renderer\implementations\ReactFabric-dev.js)
  commitLayoutEffectOnFiber (node_modules\react-native\Libraries\Renderer\implementations\ReactFabric-dev.js)
  recursivelyTraverseLayoutEffects (node_modules\react-native\Libraries\Renderer\implementations\ReactFabric-dev.js)
  commitLayoutEffectOnFiber (node_modules\react-native\Libraries\Renderer\implementations\ReactFabric-dev.js)
  recursivelyTraverseLayoutEffects (node_modules\react-native\Libraries\Renderer\implementations\ReactFabric-dev.js)
  commitLayoutEffectOnFiber (node_modules\react-native\Libraries\Renderer\implementations\ReactFabric-dev.js)
  recursivelyTraverseLayoutEffects (node_modules\react-native\Libraries\Renderer\implementations\ReactFabric-dev.js)
  commitLayoutEffectOnFiber (node_modules\react-native\Libraries\Renderer\implementations\ReactFabric-dev.js)
  recursivelyTraverseLayoutEffects (node_modules\react-native\Libraries\Renderer\implementations\ReactFabric-dev.js)
  commitLayoutEffectOnFiber (node_modules\react-native\Libraries\Renderer\implementations\ReactFabric-dev.js)
  flushLayoutEffects (node_modules\react-native\Libraries\Renderer\implementations\ReactFabric-dev.js)
  commitRoot (node_modules\react-native\Libraries\Renderer\implementations\ReactFabric-dev.js)
  commitRootWhenReady (node_modules\react-native\Libraries\Renderer\implementations\ReactFabric-dev.js)
  performWorkOnRoot (node_modules\react-native\Libraries\Renderer\implementations\ReactFabric-dev.js)
  performSyncWorkOnRoot (node_modules\react-native\Libraries\Renderer\implementations\ReactFabric-dev.js)
  flushSyncWorkAcrossRoots_impl (node_modules\react-native\Libraries\Renderer\implementations\ReactFabric-dev.js)
  processRootScheduleInMicrotask (node_modules\react-native\Libraries\Renderer\implementations\ReactFabric-dev.js)
  scheduleMicrotask$argument_0 (node_modules\react-native\Libraries\Renderer\implementations\ReactFabric-dev.js) 

Call Stack
  RemapPropsComponent (node_modules\react-native-css-interop\dist\runtime\native\api.js)
  call (<native>)
  apply (<native>)
  <anonymous> (node_modules\react-native-css-interop\dist\runtime\wrap-jsx.js)
  AnimatedComponent (node_modules\react-native\Libraries\Animated\createAnimatedComponent.js)
  call (<native>)
  apply (<native>)
  <anonymous> (node_modules\react-native-css-interop\dist\runtime\wrap-jsx.js)
  Onboarding (app\onboarding.jsx)
  call (<native>)
  apply (<native>)
  <anonymous> (node_modules\react-native-css-interop\dist\runtime\wrap-jsx.js)
  BaseRoute (node_modules\expo-router\build\useScreens.js)
  SceneView (node_modules\@react-navigation\core\lib\module\SceneView.js)
  render (node_modules\@react-navigation\core\lib\module\useDescriptors.js)
  routes.reduce$argument_0 (node_modules\@react-navigation\core\lib\module\useDescriptors.js)
  reduce (<native>)
  useDescriptors (node_modules\@react-navigation\core\lib\module\useDescriptors.js)
  useNavigationBuilder (node_modules\@react-navigation\core\lib\module\useNavigationBuilder.js)
  NativeStackNavigator (node_modules\expo-router\build\fork\native-stack\createNativeStackNavigator.js)
  call (<native>)
  apply (<native>)
  <anonymous> (node_modules\react-native-css-interop\dist\runtime\wrap-jsx.js)
  <anonymous> (node_modules\expo-router\build\layouts\withLayoutContext.js)
  call (<native>)
  apply (<native>)
  <anonymous> (node_modules\react-native-css-interop\dist\runtime\wrap-jsx.js)
  Object.assign$argument_0 (node_modules\expo-router\build\layouts\StackClient.js)
  call (<native>)
  apply (<native>)
  <anonymous> (node_modules\react-native-css-interop\dist\runtime\wrap-jsx.js)
  RootLayout (app\_layout.jsx)
  call (<native>)
  apply (<native>)
  <anonymous> (node_modules\react-native-css-interop\dist\runtime\wrap-jsx.js)
  BaseRoute (node_modules\expo-router\build\useScreens.js)
  SceneView (node_modules\@react-navigation\core\lib\module\SceneView.js)
  render (node_modules\@react-navigation\core\lib\module\useDescriptors.js)
  routes.reduce$argument_0 (node_modules\@react-navigation\core\lib\module\useDescriptors.js)
  reduce (<native>)
  useDescriptors (node_modules\@react-navigation\core\lib\module\useDescriptors.js)
  useNavigationBuilder (node_modules\@react-navigation\core\lib\module\useNavigationBuilder.js)
  Content (node_modules\expo-router\build\ExpoRoot.js)
  call (<native>)
  apply (<native>)
  <anonymous> (node_modules\react-native-css-interop\dist\runtime\wrap-jsx.js)
  ContextNavigator (node_modules\expo-router\build\ExpoRoot.js)
  call (<native>)
  apply (<native>)
  <anonymous> (node_modules\react-native-css-interop\dist\runtime\wrap-jsx.js)
  ExpoRoot (node_modules\expo-router\build\ExpoRoot.js)
  call (<native>)
  apply (<native>)
  <anonymous> (node_modules\react-native-css-interop\dist\runtime\wrap-jsx.js)
  App (node_modules\expo-router\build\qualified-entry.js)
  call (<native>)
  apply (<native>)
  <anonymous> (node_modules\react-native-css-interop\dist\runtime\wrap-jsx.js)
  WithDevTools (node_modules\expo\src\launch\withDevTools.tsx)
 ERROR  Style property 'width' is not supported by native animated module 

Call Stack
  construct (<native>)
  apply (<native>)
  _construct (node_modules\@babel\runtime\helpers\construct.js)
  Wrapper (node_modules\@babel\runtime\helpers\wrapNativeSuper.js)
  construct (<native>)
  _callSuper (node_modules\@babel\runtime\helpers\callSuper.js)
  NamelessError (node_modules\@expo\metro-runtime\src\metroServerLogs.native.ts)
  captureCurrentStack (node_modules\@expo\metro-runtime\src\metroServerLogs.native.ts)
  HMRClient.log (node_modules\@expo\metro-runtime\src\metroServerLogs.native.ts)
  console.level (node_modules\react-native\Libraries\Core\setUpDeveloperTools.js)
  validateStyles (node_modules\react-native\src\private\animated\NativeAnimatedValidation.js)
  __getNativeConfig (node_modules\react-native\Libraries\Animated\nodes\AnimatedStyle.js)
  __getNativeTag (node_modules\react-native\Libraries\Animated\nodes\AnimatedNode.js)
  __makeNative (node_modules\react-native\Libraries\Animated\nodes\AnimatedWithChildren.js)
  apply (<native>)
  <anonymous> (node_modules\@babel\runtime\helpers\superPropGet.js)
  __makeNative (node_modules\react-native\Libraries\Animated\nodes\AnimatedStyle.js)
  __makeNative (node_modules\react-native\Libraries\Animated\nodes\AnimatedWithChildren.js)
  apply (<native>)
  <anonymous> (node_modules\@babel\runtime\helpers\superPropGet.js)
  __makeNative (node_modules\react-native\Libraries\Animated\nodes\AnimatedInterpolation.js)
  __makeNative (node_modules\react-native\Libraries\Animated\nodes\AnimatedStyle.js)
  __makeNative (node_modules\react-native\Libraries\Animated\nodes\AnimatedWithChildren.js)
  apply (<native>)
  <anonymous> (node_modules\@babel\runtime\helpers\superPropGet.js)
  __makeNative (node_modules\react-native\Libraries\Animated\nodes\AnimatedInterpolation.js)
  __makeNative (node_modules\react-native\Libraries\Animated\nodes\AnimatedWithChildren.js)
  apply (<native>)
  <anonymous> (node_modules\@babel\runtime\helpers\superPropGet.js)
  __makeNative (node_modules\react-native\Libraries\Animated\nodes\AnimatedValue.js)
  traverse (node_modules\react-native\Libraries\Animated\AnimatedEvent.js)
  traverse (node_modules\react-native\Libraries\Animated\AnimatedEvent.js)
  traverse (node_modules\react-native\Libraries\Animated\AnimatedEvent.js)
  attachNativeEventImpl (node_modules\react-native\Libraries\Animated\AnimatedEvent.js)
  __attach (node_modules\react-native\Libraries\Animated\AnimatedEvent.js)
  refEffect (node_modules\react-native\src\private\animated\createAnimatedPropsHook.js)
  <anonymous> (node_modules\react-native\Libraries\Utilities\useRefEffect.js)
  refs.map$argument_0 (node_modules\react-native\Libraries\Utilities\useMergeRefs.js)
  map (<native>)
  refEffect (node_modules\react-native\Libraries\Utilities\useMergeRefs.js)
  <anonymous> (node_modules\react-native\Libraries\Utilities\useRefEffect.js)
  commitAttachRef (node_modules\react-native\Libraries\Renderer\implementations\ReactFabric-dev.js)
  runWithFiberInDEV (node_modules\react-native\Libraries\Renderer\implementations\ReactFabric-dev.js)
  safelyAttachRef (node_modules\react-native\Libraries\Renderer\implementations\ReactFabric-dev.js)
  commitLayoutEffectOnFiber (node_modules\react-native\Libraries\Renderer\implementations\ReactFabric-dev.js)
  recursivelyTraverseLayoutEffects (node_modules\react-native\Libraries\Renderer\implementations\ReactFabric-dev.js)
  commitLayoutEffectOnFiber (node_modules\react-native\Libraries\Renderer\implementations\ReactFabric-dev.js)
  recursivelyTraverseLayoutEffects (node_modules\react-native\Libraries\Renderer\implementations\ReactFabric-dev.js)
  commitLayoutEffectOnFiber (node_modules\react-native\Libraries\Renderer\implementations\ReactFabric-dev.js)
  recursivelyTraverseLayoutEffects (node_modules\react-native\Libraries\Renderer\implementations\ReactFabric-dev.js)
  recursivelyTraverseLayoutEffects (node_modules\react-native\Libraries\Renderer\implementations\ReactFabric-dev.js)
  commitLayoutEffectOnFiber (node_modules\react-native\Libraries\Renderer\implementations\ReactFabric-dev.js)
  recursivelyTraverseLayoutEffects (node_modules\react-native\Libraries\Renderer\implementations\ReactFabric-dev.js)
  commitLayoutEffectOnFiber (node_modules\react-native\Libraries\Renderer\implementations\ReactFabric-dev.js)
  recursivelyTraverseLayoutEffects (node_modules\react-native\Libraries\Renderer\implementations\ReactFabric-dev.js)
  commitLayoutEffectOnFiber (node_modules\react-native\Libraries\Renderer\implementations\ReactFabric-dev.js)
  recursivelyTraverseLayoutEffects (node_modules\react-native\Libraries\Renderer\implementations\ReactFabric-dev.js)
  commitLayoutEffectOnFiber (node_modules\react-native\Libraries\Renderer\implementations\ReactFabric-dev.js)
  recursivelyTraverseLayoutEffects (node_modules\react-native\Libraries\Renderer\implementations\ReactFabric-dev.js)
  commitLayoutEffectOnFiber (node_modules\react-native\Libraries\Renderer\implementations\ReactFabric-dev.js)
  recursivelyTraverseLayoutEffects (node_modules\react-native\Libraries\Renderer\implementations\ReactFabric-dev.js)
  commitLayoutEffectOnFiber (node_modules\react-native\Libraries\Renderer\implementations\ReactFabric-dev.js)
  recursivelyTraverseLayoutEffects (node_modules\react-native\Libraries\Renderer\implementations\ReactFabric-dev.js)
  commitLayoutEffectOnFiber (node_modules\react-native\Libraries\Renderer\implementations\ReactFabric-dev.js)
  recursivelyTraverseLayoutEffects (node_modules\react-native\Libraries\Renderer\implementations\ReactFabric-dev.js)
  commitLayoutEffectOnFiber (node_modules\react-native\Libraries\Renderer\implementations\ReactFabric-dev.js)
  recursivelyTraverseLayoutEffects (node_modules\react-native\Libraries\Renderer\implementations\ReactFabric-dev.js)
  commitLayoutEffectOnFiber (node_modules\react-native\Libraries\Renderer\implementations\ReactFabric-dev.js)
  recursivelyTraverseLayoutEffects (node_modules\react-native\Libraries\Renderer\implementations\ReactFabric-dev.js)
  commitLayoutEffectOnFiber (node_modules\react-native\Libraries\Renderer\implementations\ReactFabric-dev.js)
  recursivelyTraverseLayoutEffects (node_modules\react-native\Libraries\Renderer\implementations\ReactFabric-dev.js)
  commitLayoutEffectOnFiber (node_modules\react-native\Libraries\Renderer\implementations\ReactFabric-dev.js)
  recursivelyTraverseLayoutEffects (node_modules\react-native\Libraries\Renderer\implementations\ReactFabric-dev.js)
  commitLayoutEffectOnFiber (node_modules\react-native\Libraries\Renderer\implementations\ReactFabric-dev.js)
  recursivelyTraverseLayoutEffects (node_modules\react-native\Libraries\Renderer\implementations\ReactFabric-dev.js)
  commitLayoutEffectOnFiber (node_modules\react-native\Libraries\Renderer\implementations\ReactFabric-dev.js)
  recursivelyTraverseLayoutEffects (node_modules\react-native\Libraries\Renderer\implementations\ReactFabric-dev.js)
  commitLayoutEffectOnFiber (node_modules\react-native\Libraries\Renderer\implementations\ReactFabric-dev.js)
  recursivelyTraverseLayoutEffects (node_modules\react-native\Libraries\Renderer\implementations\ReactFabric-dev.js)
  commitLayoutEffectOnFiber (node_modules\react-native\Libraries\Renderer\implementations\ReactFabric-dev.js)
  recursivelyTraverseLayoutEffects (node_modules\react-native\Libraries\Renderer\implementations\ReactFabric-dev.js)
  commitLayoutEffectOnFiber (node_modules\react-native\Libraries\Renderer\implementations\ReactFabric-dev.js)
  recursivelyTraverseLayoutEffects (node_modules\react-native\Libraries\Renderer\implementations\ReactFabric-dev.js)
  commitLayoutEffectOnFiber (node_modules\react-native\Libraries\Renderer\implementations\ReactFabric-dev.js)
  recursivelyTraverseLayoutEffects (node_modules\react-native\Libraries\Renderer\implementations\ReactFabric-dev.js)
  commitLayoutEffectOnFiber (node_modules\react-native\Libraries\Renderer\implementations\ReactFabric-dev.js)
  recursivelyTraverseLayoutEffects (node_modules\react-native\Libraries\Renderer\implementations\ReactFabric-dev.js)
  commitLayoutEffectOnFiber (node_modules\react-native\Libraries\Renderer\implementations\ReactFabric-dev.js)
  recursivelyTraverseLayoutEffects (node_modules\react-native\Libraries\Renderer\implementations\ReactFabric-dev.js)
  commitLayoutEffectOnFiber (node_modules\react-native\Libraries\Renderer\implementations\ReactFabric-dev.js)
  recursivelyTraverseLayoutEffects (node_modules\react-native\Libraries\Renderer\implementations\ReactFabric-dev.js)
  commitLayoutEffectOnFiber (node_modules\react-native\Libraries\Renderer\implementations\ReactFabric-dev.js)
  flushLayoutEffects (node_modules\react-native\Libraries\Renderer\implementations\ReactFabric-dev.js)
  commitRoot (node_modules\react-native\Libraries\Renderer\implementations\ReactFabric-dev.js)
  commitRootWhenReady (node_modules\react-native\Libraries\Renderer\implementations\ReactFabric-dev.js)
  performWorkOnRoot (node_modules\react-native\Libraries\Renderer\implementations\ReactFabric-dev.js)
  performSyncWorkOnRoot (node_modules\react-native\Libraries\Renderer\implementations\ReactFabric-dev.js)
  flushSyncWorkAcrossRoots_impl (node_modules\react-native\Libraries\Renderer\implementations\ReactFabric-dev.js)
  processRootScheduleInMicrotask (node_modules\react-native\Libraries\Renderer\implementations\ReactFabric-dev.js)
  scheduleMicrotask$argument_0 (node_modules\react-native\Libraries\Renderer\implementations\ReactFabric-dev.js) 

Call Stack
  RemapPropsComponent (node_modules\react-native-css-interop\dist\runtime\native\api.js)
  call (<native>)
  apply (<native>)
  <anonymous> (node_modules\react-native-css-interop\dist\runtime\wrap-jsx.js)
  AnimatedComponent (node_modules\react-native\Libraries\Animated\createAnimatedComponent.js)
  call (<native>)
  apply (<native>)
  <anonymous> (node_modules\react-native-css-interop\dist\runtime\wrap-jsx.js)
  Onboarding (app\onboarding.jsx)
  call (<native>)
  apply (<native>)
  <anonymous> (node_modules\react-native-css-interop\dist\runtime\wrap-jsx.js)
  BaseRoute (node_modules\expo-router\build\useScreens.js)
  SceneView (node_modules\@react-navigation\core\lib\module\SceneView.js)
  render (node_modules\@react-navigation\core\lib\module\useDescriptors.js)
  routes.reduce$argument_0 (node_modules\@react-navigation\core\lib\module\useDescriptors.js)
  reduce (<native>)
  useDescriptors (node_modules\@react-navigation\core\lib\module\useDescriptors.js)
  useNavigationBuilder (node_modules\@react-navigation\core\lib\module\useNavigationBuilder.js)
  NativeStackNavigator (node_modules\expo-router\build\fork\native-stack\createNativeStackNavigator.js)
  call (<native>)
  apply (<native>)
  <anonymous> (node_modules\react-native-css-interop\dist\runtime\wrap-jsx.js)
  <anonymous> (node_modules\expo-router\build\layouts\withLayoutContext.js)
  call (<native>)
  apply (<native>)
  <anonymous> (node_modules\react-native-css-interop\dist\runtime\wrap-jsx.js)
  Object.assign$argument_0 (node_modules\expo-router\build\layouts\StackClient.js)
  call (<native>)
  apply (<native>)
  <anonymous> (node_modules\react-native-css-interop\dist\runtime\wrap-jsx.js)
  RootLayout (app\_layout.jsx)
  call (<native>)
  apply (<native>)
  <anonymous> (node_modules\react-native-css-interop\dist\runtime\wrap-jsx.js)
  BaseRoute (node_modules\expo-router\build\useScreens.js)
  SceneView (node_modules\@react-navigation\core\lib\module\SceneView.js)
  render (node_modules\@react-navigation\core\lib\module\useDescriptors.js)
  routes.reduce$argument_0 (node_modules\@react-navigation\core\lib\module\useDescriptors.js)
  reduce (<native>)
  useDescriptors (node_modules\@react-navigation\core\lib\module\useDescriptors.js)
  useNavigationBuilder (node_modules\@react-navigation\core\lib\module\useNavigationBuilder.js)
  Content (node_modules\expo-router\build\ExpoRoot.js)
  call (<native>)
  apply (<native>)
  <anonymous> (node_modules\react-native-css-interop\dist\runtime\wrap-jsx.js)
  ContextNavigator (node_modules\expo-router\build\ExpoRoot.js)
  call (<native>)
  apply (<native>)
  <anonymous> (node_modules\react-native-css-interop\dist\runtime\wrap-jsx.js)
  ExpoRoot (node_modules\expo-router\build\ExpoRoot.js)
  call (<native>)
  apply (<native>)
  <anonymous> (node_modules\react-native-css-interop\dist\runtime\wrap-jsx.js)
  App (node_modules\expo-router\build\qualified-entry.js)
  call (<native>)
  apply (<native>)
  <anonymous> (node_modules\react-native-css-interop\dist\runtime\wrap-jsx.js)
  WithDevTools (node_modules\expo\src\launch\withDevTools.tsx)
 ERROR  Style property 'width' is not supported by native animated module 

Call Stack
  construct (<native>)
  apply (<native>)
  _construct (node_modules\@babel\runtime\helpers\construct.js)
  Wrapper (node_modules\@babel\runtime\helpers\wrapNativeSuper.js)
  construct (<native>)
  _callSuper (node_modules\@babel\runtime\helpers\callSuper.js)
  NamelessError (node_modules\@expo\metro-runtime\src\metroServerLogs.native.ts)
  captureCurrentStack (node_modules\@expo\metro-runtime\src\metroServerLogs.native.ts)
  HMRClient.log (node_modules\@expo\metro-runtime\src\metroServerLogs.native.ts)
  console.level (node_modules\react-native\Libraries\Core\setUpDeveloperTools.js)
  validateStyles (node_modules\react-native\src\private\animated\NativeAnimatedValidation.js)
  __getNativeConfig (node_modules\react-native\Libraries\Animated\nodes\AnimatedStyle.js)
  __getNativeTag (node_modules\react-native\Libraries\Animated\nodes\AnimatedNode.js)
  __makeNative (node_modules\react-native\Libraries\Animated\nodes\AnimatedWithChildren.js)
  apply (<native>)
  <anonymous> (node_modules\@babel\runtime\helpers\superPropGet.js)
  __makeNative (node_modules\react-native\Libraries\Animated\nodes\AnimatedStyle.js)
  __makeNative (node_modules\react-native\Libraries\Animated\nodes\AnimatedWithChildren.js)
  apply (<native>)
  <anonymous> (node_modules\@babel\runtime\helpers\superPropGet.js)
  __makeNative (node_modules\react-native\Libraries\Animated\nodes\AnimatedInterpolation.js)
  __makeNative (node_modules\react-native\Libraries\Animated\nodes\AnimatedStyle.js)
  __makeNative (node_modules\react-native\Libraries\Animated\nodes\AnimatedWithChildren.js)
  apply (<native>)
  <anonymous> (node_modules\@babel\runtime\helpers\superPropGet.js)
  __makeNative (node_modules\react-native\Libraries\Animated\nodes\AnimatedInterpolation.js)
  __makeNative (node_modules\react-native\Libraries\Animated\nodes\AnimatedWithChildren.js)
  apply (<native>)
  <anonymous> (node_modules\@babel\runtime\helpers\superPropGet.js)
  __makeNative (node_modules\react-native\Libraries\Animated\nodes\AnimatedValue.js)
  traverse (node_modules\react-native\Libraries\Animated\AnimatedEvent.js)
  traverse (node_modules\react-native\Libraries\Animated\AnimatedEvent.js)
  traverse (node_modules\react-native\Libraries\Animated\AnimatedEvent.js)
  attachNativeEventImpl (node_modules\react-native\Libraries\Animated\AnimatedEvent.js)
  __attach (node_modules\react-native\Libraries\Animated\AnimatedEvent.js)
  refEffect (node_modules\react-native\src\private\animated\createAnimatedPropsHook.js)
  <anonymous> (node_modules\react-native\Libraries\Utilities\useRefEffect.js)
  refs.map$argument_0 (node_modules\react-native\Libraries\Utilities\useMergeRefs.js)
  map (<native>)
  refEffect (node_modules\react-native\Libraries\Utilities\useMergeRefs.js)
  <anonymous> (node_modules\react-native\Libraries\Utilities\useRefEffect.js)
  commitAttachRef (node_modules\react-native\Libraries\Renderer\implementations\ReactFabric-dev.js)
  runWithFiberInDEV (node_modules\react-native\Libraries\Renderer\implementations\ReactFabric-dev.js)
  safelyAttachRef (node_modules\react-native\Libraries\Renderer\implementations\ReactFabric-dev.js)
  commitLayoutEffectOnFiber (node_modules\react-native\Libraries\Renderer\implementations\ReactFabric-dev.js)
  recursivelyTraverseLayoutEffects (node_modules\react-native\Libraries\Renderer\implementations\ReactFabric-dev.js)
  commitLayoutEffectOnFiber (node_modules\react-native\Libraries\Renderer\implementations\ReactFabric-dev.js)
  recursivelyTraverseLayoutEffects (node_modules\react-native\Libraries\Renderer\implementations\ReactFabric-dev.js)
  commitLayoutEffectOnFiber (node_modules\react-native\Libraries\Renderer\implementations\ReactFabric-dev.js)
  recursivelyTraverseLayoutEffects (node_modules\react-native\Libraries\Renderer\implementations\ReactFabric-dev.js)
  recursivelyTraverseLayoutEffects (node_modules\react-native\Libraries\Renderer\implementations\ReactFabric-dev.js)
  commitLayoutEffectOnFiber (node_modules\react-native\Libraries\Renderer\implementations\ReactFabric-dev.js)
  recursivelyTraverseLayoutEffects (node_modules\react-native\Libraries\Renderer\implementations\ReactFabric-dev.js)
  commitLayoutEffectOnFiber (node_modules\react-native\Libraries\Renderer\implementations\ReactFabric-dev.js)
  recursivelyTraverseLayoutEffects (node_modules\react-native\Libraries\Renderer\implementations\ReactFabric-dev.js)
  commitLayoutEffectOnFiber (node_modules\react-native\Libraries\Renderer\implementations\ReactFabric-dev.js)
  recursivelyTraverseLayoutEffects (node_modules\react-native\Libraries\Renderer\implementations\ReactFabric-dev.js)
  commitLayoutEffectOnFiber (node_modules\react-native\Libraries\Renderer\implementations\ReactFabric-dev.js)
  recursivelyTraverseLayoutEffects (node_modules\react-native\Libraries\Renderer\implementations\ReactFabric-dev.js)
  commitLayoutEffectOnFiber (node_modules\react-native\Libraries\Renderer\implementations\ReactFabric-dev.js)
  recursivelyTraverseLayoutEffects (node_modules\react-native\Libraries\Renderer\implementations\ReactFabric-dev.js)
  commitLayoutEffectOnFiber (node_modules\react-native\Libraries\Renderer\implementations\ReactFabric-dev.js)
  recursivelyTraverseLayoutEffects (node_modules\react-native\Libraries\Renderer\implementations\ReactFabric-dev.js)
  commitLayoutEffectOnFiber (node_modules\react-native\Libraries\Renderer\implementations\ReactFabric-dev.js)
  recursivelyTraverseLayoutEffects (node_modules\react-native\Libraries\Renderer\implementations\ReactFabric-dev.js)
  commitLayoutEffectOnFiber (node_modules\react-native\Libraries\Renderer\implementations\ReactFabric-dev.js)
  recursivelyTraverseLayoutEffects (node_modules\react-native\Libraries\Renderer\implementations\ReactFabric-dev.js)
  commitLayoutEffectOnFiber (node_modules\react-native\Libraries\Renderer\implementations\ReactFabric-dev.js)
  recursivelyTraverseLayoutEffects (node_modules\react-native\Libraries\Renderer\implementations\ReactFabric-dev.js)
  commitLayoutEffectOnFiber (node_modules\react-native\Libraries\Renderer\implementations\ReactFabric-dev.js)
  recursivelyTraverseLayoutEffects (node_modules\react-native\Libraries\Renderer\implementations\ReactFabric-dev.js)
  commitLayoutEffectOnFiber (node_modules\react-native\Libraries\Renderer\implementations\ReactFabric-dev.js)
  recursivelyTraverseLayoutEffects (node_modules\react-native\Libraries\Renderer\implementations\ReactFabric-dev.js)
  commitLayoutEffectOnFiber (node_modules\react-native\Libraries\Renderer\implementations\ReactFabric-dev.js)
  recursivelyTraverseLayoutEffects (node_modules\react-native\Libraries\Renderer\implementations\ReactFabric-dev.js)
  commitLayoutEffectOnFiber (node_modules\react-native\Libraries\Renderer\implementations\ReactFabric-dev.js)
  recursivelyTraverseLayoutEffects (node_modules\react-native\Libraries\Renderer\implementations\ReactFabric-dev.js)
  commitLayoutEffectOnFiber (node_modules\react-native\Libraries\Renderer\implementations\ReactFabric-dev.js)
  recursivelyTraverseLayoutEffects (node_modules\react-native\Libraries\Renderer\implementations\ReactFabric-dev.js)
  commitLayoutEffectOnFiber (node_modules\react-native\Libraries\Renderer\implementations\ReactFabric-dev.js)
  recursivelyTraverseLayoutEffects (node_modules\react-native\Libraries\Renderer\implementations\ReactFabric-dev.js)
  commitLayoutEffectOnFiber (node_modules\react-native\Libraries\Renderer\implementations\ReactFabric-dev.js)
  recursivelyTraverseLayoutEffects (node_modules\react-native\Libraries\Renderer\implementations\ReactFabric-dev.js)
  commitLayoutEffectOnFiber (node_modules\react-native\Libraries\Renderer\implementations\ReactFabric-dev.js)
  recursivelyTraverseLayoutEffects (node_modules\react-native\Libraries\Renderer\implementations\ReactFabric-dev.js)
  commitLayoutEffectOnFiber (node_modules\react-native\Libraries\Renderer\implementations\ReactFabric-dev.js)
  recursivelyTraverseLayoutEffects (node_modules\react-native\Libraries\Renderer\implementations\ReactFabric-dev.js)
  commitLayoutEffectOnFiber (node_modules\react-native\Libraries\Renderer\implementations\ReactFabric-dev.js)
  recursivelyTraverseLayoutEffects (node_modules\react-native\Libraries\Renderer\implementations\ReactFabric-dev.js)
  commitLayoutEffectOnFiber (node_modules\react-native\Libraries\Renderer\implementations\ReactFabric-dev.js)
  recursivelyTraverseLayoutEffects (node_modules\react-native\Libraries\Renderer\implementations\ReactFabric-dev.js)
  commitLayoutEffectOnFiber (node_modules\react-native\Libraries\Renderer\implementations\ReactFabric-dev.js)
  flushLayoutEffects (node_modules\react-native\Libraries\Renderer\implementations\ReactFabric-dev.js)
  commitRoot (node_modules\react-native\Libraries\Renderer\implementations\ReactFabric-dev.js)
  commitRootWhenReady (node_modules\react-native\Libraries\Renderer\implementations\ReactFabric-dev.js)
  performWorkOnRoot (node_modules\react-native\Libraries\Renderer\implementations\ReactFabric-dev.js)
  performSyncWorkOnRoot (node_modules\react-native\Libraries\Renderer\implementations\ReactFabric-dev.js)
  flushSyncWorkAcrossRoots_impl (node_modules\react-native\Libraries\Renderer\implementations\ReactFabric-dev.js)
  processRootScheduleInMicrotask (node_modules\react-native\Libraries\Renderer\implementations\ReactFabric-dev.js)
  scheduleMicrotask$argument_0 (node_modules\react-native\Libraries\Renderer\implementations\ReactFabric-dev.js) 

Call Stack
  RemapPropsComponent (node_modules\react-native-css-interop\dist\runtime\native\api.js)
  call (<native>)
  apply (<native>)
  <anonymous> (node_modules\react-native-css-interop\dist\runtime\wrap-jsx.js)
  AnimatedComponent (node_modules\react-native\Libraries\Animated\createAnimatedComponent.js)
  call (<native>)
  apply (<native>)
  <anonymous> (node_modules\react-native-css-interop\dist\runtime\wrap-jsx.js)
  Onboarding (app\onboarding.jsx)
  call (<native>)
  apply (<native>)
  <anonymous> (node_modules\react-native-css-interop\dist\runtime\wrap-jsx.js)
  BaseRoute (node_modules\expo-router\build\useScreens.js)
  SceneView (node_modules\@react-navigation\core\lib\module\SceneView.js)
  render (node_modules\@react-navigation\core\lib\module\useDescriptors.js)
  routes.reduce$argument_0 (node_modules\@react-navigation\core\lib\module\useDescriptors.js)
  reduce (<native>)
  useDescriptors (node_modules\@react-navigation\core\lib\module\useDescriptors.js)
  useNavigationBuilder (node_modules\@react-navigation\core\lib\module\useNavigationBuilder.js)
  NativeStackNavigator (node_modules\expo-router\build\fork\native-stack\createNativeStackNavigator.js)
  call (<native>)
  apply (<native>)
  <anonymous> (node_modules\react-native-css-interop\dist\runtime\wrap-jsx.js)
  <anonymous> (node_modules\expo-router\build\layouts\withLayoutContext.js)
  call (<native>)
  apply (<native>)
  <anonymous> (node_modules\react-native-css-interop\dist\runtime\wrap-jsx.js)
  Object.assign$argument_0 (node_modules\expo-router\build\layouts\StackClient.js)
  call (<native>)
  apply (<native>)
  <anonymous> (node_modules\react-native-css-interop\dist\runtime\wrap-jsx.js)
  RootLayout (app\_layout.jsx)
  call (<native>)
  apply (<native>)
  <anonymous> (node_modules\react-native-css-interop\dist\runtime\wrap-jsx.js)
  BaseRoute (node_modules\expo-router\build\useScreens.js)
  SceneView (node_modules\@react-navigation\core\lib\module\SceneView.js)
  render (node_modules\@react-navigation\core\lib\module\useDescriptors.js)
  routes.reduce$argument_0 (node_modules\@react-navigation\core\lib\module\useDescriptors.js)
  reduce (<native>)
  useDescriptors (node_modules\@react-navigation\core\lib\module\useDescriptors.js)
  useNavigationBuilder (node_modules\@react-navigation\core\lib\module\useNavigationBuilder.js)
  Content (node_modules\expo-router\build\ExpoRoot.js)
  call (<native>)
  apply (<native>)
  <anonymous> (node_modules\react-native-css-interop\dist\runtime\wrap-jsx.js)
  ContextNavigator (node_modules\expo-router\build\ExpoRoot.js)
  call (<native>)
  apply (<native>)
  <anonymous> (node_modules\react-native-css-interop\dist\runtime\wrap-jsx.js)
  ExpoRoot (node_modules\expo-router\build\ExpoRoot.js)
  call (<native>)
  apply (<native>)
  <anonymous> (node_modules\react-native-css-interop\dist\runtime\wrap-jsx.js)
  App (node_modules\expo-router\build\qualified-entry.js)
  call (<native>)
  apply (<native>)
  <anonymous> (node_modules\react-native-css-interop\dist\runtime\wrap-jsx.js)
  WithDevTools (node_modules\expo\src\launch\withDevTools.tsx)
 ERROR  Style property 'width' is not supported by native animated module 

Call Stack
  construct (<native>)
  apply (<native>)
  _construct (node_modules\@babel\runtime\helpers\construct.js)
  Wrapper (node_modules\@babel\runtime\helpers\wrapNativeSuper.js)
  construct (<native>)
  _callSuper (node_modules\@babel\runtime\helpers\callSuper.js)
  NamelessError (node_modules\@expo\metro-runtime\src\metroServerLogs.native.ts)
  captureCurrentStack (node_modules\@expo\metro-runtime\src\metroServerLogs.native.ts)
  HMRClient.log (node_modules\@expo\metro-runtime\src\metroServerLogs.native.ts)
  console.level (node_modules\react-native\Libraries\Core\setUpDeveloperTools.js)
  validateStyles (node_modules\react-native\src\private\animated\NativeAnimatedValidation.js)
  __getNativeConfig (node_modules\react-native\Libraries\Animated\nodes\AnimatedStyle.js)
  __getNativeTag (node_modules\react-native\Libraries\Animated\nodes\AnimatedNode.js)
  __makeNative (node_modules\react-native\Libraries\Animated\nodes\AnimatedWithChildren.js)
  apply (<native>)
  <anonymous> (node_modules\@babel\runtime\helpers\superPropGet.js)
  __makeNative (node_modules\react-native\Libraries\Animated\nodes\AnimatedStyle.js)
  __makeNative (node_modules\react-native\Libraries\Animated\nodes\AnimatedWithChildren.js)
  apply (<native>)
  <anonymous> (node_modules\@babel\runtime\helpers\superPropGet.js)
  __makeNative (node_modules\react-native\Libraries\Animated\nodes\AnimatedInterpolation.js)
  __makeNative (node_modules\react-native\Libraries\Animated\nodes\AnimatedStyle.js)
  __makeNative (node_modules\react-native\Libraries\Animated\nodes\AnimatedWithChildren.js)
  apply (<native>)
  <anonymous> (node_modules\@babel\runtime\helpers\superPropGet.js)
  __makeNative (node_modules\react-native\Libraries\Animated\nodes\AnimatedInterpolation.js)
  __makeNative (node_modules\react-native\Libraries\Animated\nodes\AnimatedWithChildren.js)
  apply (<native>)
  <anonymous> (node_modules\@babel\runtime\helpers\superPropGet.js)
  __makeNative (node_modules\react-native\Libraries\Animated\nodes\AnimatedValue.js)
  traverse (node_modules\react-native\Libraries\Animated\AnimatedEvent.js)
  traverse (node_modules\react-native\Libraries\Animated\AnimatedEvent.js)
  traverse (node_modules\react-native\Libraries\Animated\AnimatedEvent.js)
  attachNativeEventImpl (node_modules\react-native\Libraries\Animated\AnimatedEvent.js)
  __attach (node_modules\react-native\Libraries\Animated\AnimatedEvent.js)
  refEffect (node_modules\react-native\src\private\animated\createAnimatedPropsHook.js)
  <anonymous> (node_modules\react-native\Libraries\Utilities\useRefEffect.js)
  refs.map$argument_0 (node_modules\react-native\Libraries\Utilities\useMergeRefs.js)
  map (<native>)
  refEffect (node_modules\react-native\Libraries\Utilities\useMergeRefs.js)
  <anonymous> (node_modules\react-native\Libraries\Utilities\useRefEffect.js)
  commitAttachRef (node_modules\react-native\Libraries\Renderer\implementations\ReactFabric-dev.js)
  runWithFiberInDEV (node_modules\react-native\Libraries\Renderer\implementations\ReactFabric-dev.js)
  safelyAttachRef (node_modules\react-native\Libraries\Renderer\implementations\ReactFabric-dev.js)
  commitLayoutEffectOnFiber (node_modules\react-native\Libraries\Renderer\implementations\ReactFabric-dev.js)
  recursivelyTraverseLayoutEffects (node_modules\react-native\Libraries\Renderer\implementations\ReactFabric-dev.js)
  commitLayoutEffectOnFiber (node_modules\react-native\Libraries\Renderer\implementations\ReactFabric-dev.js)
  recursivelyTraverseLayoutEffects (node_modules\react-native\Libraries\Renderer\implementations\ReactFabric-dev.js)
  commitLayoutEffectOnFiber (node_modules\react-native\Libraries\Renderer\implementations\ReactFabric-dev.js)
  recursivelyTraverseLayoutEffects (node_modules\react-native\Libraries\Renderer\implementations\ReactFabric-dev.js)
  recursivelyTraverseLayoutEffects (node_modules\react-native\Libraries\Renderer\implementations\ReactFabric-dev.js)
  commitLayoutEffectOnFiber (node_modules\react-native\Libraries\Renderer\implementations\ReactFabric-dev.js)
  recursivelyTraverseLayoutEffects (node_modules\react-native\Libraries\Renderer\implementations\ReactFabric-dev.js)
  commitLayoutEffectOnFiber (node_modules\react-native\Libraries\Renderer\implementations\ReactFabric-dev.js)
  recursivelyTraverseLayoutEffects (node_modules\react-native\Libraries\Renderer\implementations\ReactFabric-dev.js)
  commitLayoutEffectOnFiber (node_modules\react-native\Libraries\Renderer\implementations\ReactFabric-dev.js)
  recursivelyTraverseLayoutEffects (node_modules\react-native\Libraries\Renderer\implementations\ReactFabric-dev.js)
  commitLayoutEffectOnFiber (node_modules\react-native\Libraries\Renderer\implementations\ReactFabric-dev.js)
  recursivelyTraverseLayoutEffects (node_modules\react-native\Libraries\Renderer\implementations\ReactFabric-dev.js)
  commitLayoutEffectOnFiber (node_modules\react-native\Libraries\Renderer\implementations\ReactFabric-dev.js)
  recursivelyTraverseLayoutEffects (node_modules\react-native\Libraries\Renderer\implementations\ReactFabric-dev.js)
  commitLayoutEffectOnFiber (node_modules\react-native\Libraries\Renderer\implementations\ReactFabric-dev.js)
  recursivelyTraverseLayoutEffects (node_modules\react-native\Libraries\Renderer\implementations\ReactFabric-dev.js)
  commitLayoutEffectOnFiber (node_modules\react-native\Libraries\Renderer\implementations\ReactFabric-dev.js)
  recursivelyTraverseLayoutEffects (node_modules\react-native\Libraries\Renderer\implementations\ReactFabric-dev.js)
  commitLayoutEffectOnFiber (node_modules\react-native\Libraries\Renderer\implementations\ReactFabric-dev.js)
  recursivelyTraverseLayoutEffects (node_modules\react-native\Libraries\Renderer\implementations\ReactFabric-dev.js)
  commitLayoutEffectOnFiber (node_modules\react-native\Libraries\Renderer\implementations\ReactFabric-dev.js)
  recursivelyTraverseLayoutEffects (node_modules\react-native\Libraries\Renderer\implementations\ReactFabric-dev.js)
  commitLayoutEffectOnFiber (node_modules\react-native\Libraries\Renderer\implementations\ReactFabric-dev.js)
  recursivelyTraverseLayoutEffects (node_modules\react-native\Libraries\Renderer\implementations\ReactFabric-dev.js)
  commitLayoutEffectOnFiber (node_modules\react-native\Libraries\Renderer\implementations\ReactFabric-dev.js)
  recursivelyTraverseLayoutEffects (node_modules\react-native\Libraries\Renderer\implementations\ReactFabric-dev.js)
  commitLayoutEffectOnFiber (node_modules\react-native\Libraries\Renderer\implementations\ReactFabric-dev.js)
  recursivelyTraverseLayoutEffects (node_modules\react-native\Libraries\Renderer\implementations\ReactFabric-dev.js)
  commitLayoutEffectOnFiber (node_modules\react-native\Libraries\Renderer\implementations\ReactFabric-dev.js)
  recursivelyTraverseLayoutEffects (node_modules\react-native\Libraries\Renderer\implementations\ReactFabric-dev.js)
  commitLayoutEffectOnFiber (node_modules\react-native\Libraries\Renderer\implementations\ReactFabric-dev.js)
  recursivelyTraverseLayoutEffects (node_modules\react-native\Libraries\Renderer\implementations\ReactFabric-dev.js)
  commitLayoutEffectOnFiber (node_modules\react-native\Libraries\Renderer\implementations\ReactFabric-dev.js)
  recursivelyTraverseLayoutEffects (node_modules\react-native\Libraries\Renderer\implementations\ReactFabric-dev.js)
  commitLayoutEffectOnFiber (node_modules\react-native\Libraries\Renderer\implementations\ReactFabric-dev.js)
  recursivelyTraverseLayoutEffects (node_modules\react-native\Libraries\Renderer\implementations\ReactFabric-dev.js)
  commitLayoutEffectOnFiber (node_modules\react-native\Libraries\Renderer\implementations\ReactFabric-dev.js)
  recursivelyTraverseLayoutEffects (node_modules\react-native\Libraries\Renderer\implementations\ReactFabric-dev.js)
  commitLayoutEffectOnFiber (node_modules\react-native\Libraries\Renderer\implementations\ReactFabric-dev.js)
  recursivelyTraverseLayoutEffects (node_modules\react-native\Libraries\Renderer\implementations\ReactFabric-dev.js)
  commitLayoutEffectOnFiber (node_modules\react-native\Libraries\Renderer\implementations\ReactFabric-dev.js)
  recursivelyTraverseLayoutEffects (node_modules\react-native\Libraries\Renderer\implementations\ReactFabric-dev.js)
  commitLayoutEffectOnFiber (node_modules\react-native\Libraries\Renderer\implementations\ReactFabric-dev.js)
  recursivelyTraverseLayoutEffects (node_modules\react-native\Libraries\Renderer\implementations\ReactFabric-dev.js)
  commitLayoutEffectOnFiber (node_modules\react-native\Libraries\Renderer\implementations\ReactFabric-dev.js)
  flushLayoutEffects (node_modules\react-native\Libraries\Renderer\implementations\ReactFabric-dev.js)
  commitRoot (node_modules\react-native\Libraries\Renderer\implementations\ReactFabric-dev.js)
  commitRootWhenReady (node_modules\react-native\Libraries\Renderer\implementations\ReactFabric-dev.js)
  performWorkOnRoot (node_modules\react-native\Libraries\Renderer\implementations\ReactFabric-dev.js)
  performSyncWorkOnRoot (node_modules\react-native\Libraries\Renderer\implementations\ReactFabric-dev.js)
  flushSyncWorkAcrossRoots_impl (node_modules\react-native\Libraries\Renderer\implementations\ReactFabric-dev.js)
  processRootScheduleInMicrotask (node_modules\react-native\Libraries\Renderer\implementations\ReactFabric-dev.js)
  scheduleMicrotask$argument_0 (node_modules\react-native\Libraries\Renderer\implementations\ReactFabric-dev.js) 

Call Stack
  RemapPropsComponent (node_modules\react-native-css-interop\dist\runtime\native\api.js)
  call (<native>)
  apply (<native>)
  <anonymous> (node_modules\react-native-css-interop\dist\runtime\wrap-jsx.js)
  AnimatedComponent (node_modules\react-native\Libraries\Animated\createAnimatedComponent.js)
  call (<native>)
  apply (<native>)
  <anonymous> (node_modules\react-native-css-interop\dist\runtime\wrap-jsx.js)
  Onboarding (app\onboarding.jsx)
  call (<native>)
  apply (<native>)
  <anonymous> (node_modules\react-native-css-interop\dist\runtime\wrap-jsx.js)
  BaseRoute (node_modules\expo-router\build\useScreens.js)
  SceneView (node_modules\@react-navigation\core\lib\module\SceneView.js)
  render (node_modules\@react-navigation\core\lib\module\useDescriptors.js)
  routes.reduce$argument_0 (node_modules\@react-navigation\core\lib\module\useDescriptors.js)
  reduce (<native>)
  useDescriptors (node_modules\@react-navigation\core\lib\module\useDescriptors.js)
  useNavigationBuilder (node_modules\@react-navigation\core\lib\module\useNavigationBuilder.js)
  NativeStackNavigator (node_modules\expo-router\build\fork\native-stack\createNativeStackNavigator.js)
  call (<native>)
  apply (<native>)
  <anonymous> (node_modules\react-native-css-interop\dist\runtime\wrap-jsx.js)
  <anonymous> (node_modules\expo-router\build\layouts\withLayoutContext.js)
  call (<native>)
  apply (<native>)
  <anonymous> (node_modules\react-native-css-interop\dist\runtime\wrap-jsx.js)
  Object.assign$argument_0 (node_modules\expo-router\build\layouts\StackClient.js)
  call (<native>)
  apply (<native>)
  <anonymous> (node_modules\react-native-css-interop\dist\runtime\wrap-jsx.js)
  RootLayout (app\_layout.jsx)
  call (<native>)
  apply (<native>)
  <anonymous> (node_modules\react-native-css-interop\dist\runtime\wrap-jsx.js)
  BaseRoute (node_modules\expo-router\build\useScreens.js)
  SceneView (node_modules\@react-navigation\core\lib\module\SceneView.js)
  render (node_modules\@react-navigation\core\lib\module\useDescriptors.js)
  routes.reduce$argument_0 (node_modules\@react-navigation\core\lib\module\useDescriptors.js)
  reduce (<native>)
  useDescriptors (node_modules\@react-navigation\core\lib\module\useDescriptors.js)
  useNavigationBuilder (node_modules\@react-navigation\core\lib\module\useNavigationBuilder.js)
  Content (node_modules\expo-router\build\ExpoRoot.js)
  call (<native>)
  apply (<native>)
  <anonymous> (node_modules\react-native-css-interop\dist\runtime\wrap-jsx.js)
  ContextNavigator (node_modules\expo-router\build\ExpoRoot.js)
  call (<native>)
  apply (<native>)
  <anonymous> (node_modules\react-native-css-interop\dist\runtime\wrap-jsx.js)
  ExpoRoot (node_modules\expo-router\build\ExpoRoot.js)
  call (<native>)
  apply (<native>)
  <anonymous> (node_modules\react-native-css-interop\dist\runtime\wrap-jsx.js)
  App (node_modules\expo-router\build\qualified-entry.js)
  call (<native>)
  apply (<native>)
  <anonymous> (node_modules\react-native-css-interop\dist\runtime\wrap-jsx.js)
  WithDevTools (node_modules\expo\src\launch\withDevTools.tsx)
 ERROR  Style property 'width' is not supported by native animated module 

Call Stack
  construct (<native>)
  apply (<native>)
  _construct (node_modules\@babel\runtime\helpers\construct.js)
  Wrapper (node_modules\@babel\runtime\helpers\wrapNativeSuper.js)
  construct (<native>)
  _callSuper (node_modules\@babel\runtime\helpers\callSuper.js)
  NamelessError (node_modules\@expo\metro-runtime\src\metroServerLogs.native.ts)
  captureCurrentStack (node_modules\@expo\metro-runtime\src\metroServerLogs.native.ts)
  HMRClient.log (node_modules\@expo\metro-runtime\src\metroServerLogs.native.ts)
  console.level (node_modules\react-native\Libraries\Core\setUpDeveloperTools.js)
  validateStyles (node_modules\react-native\src\private\animated\NativeAnimatedValidation.js)
  __getNativeConfig (node_modules\react-native\Libraries\Animated\nodes\AnimatedStyle.js)
  __getNativeTag (node_modules\react-native\Libraries\Animated\nodes\AnimatedNode.js)
  __addChild (node_modules\react-native\Libraries\Animated\nodes\AnimatedWithChildren.js)
  __attach (node_modules\react-native\Libraries\Animated\nodes\AnimatedStyle.js)
  __addChild (node_modules\react-native\Libraries\Animated\nodes\AnimatedWithChildren.js)
  __attach (node_modules\react-native\Libraries\Animated\nodes\AnimatedProps.js)
  useInsertionEffect$argument_0 (node_modules\react-native\src\private\animated\createAnimatedPropsHook.js)
  callCreate.reactStackBottomFrame (node_modules\react-native\Libraries\Renderer\implementations\ReactFabric-dev.js)
  runWithFiberInDEV (node_modules\react-native\Libraries\Renderer\implementations\ReactFabric-dev.js)
  commitHookEffectListMount (node_modules\react-native\Libraries\Renderer\implementations\ReactFabric-dev.js)
  commitMutationEffectsOnFiber (node_modules\react-native\Libraries\Renderer\implementations\ReactFabric-dev.js)
  recursivelyTraverseMutationEffects (node_modules\react-native\Libraries\Renderer\implementations\ReactFabric-dev.js)
  commitMutationEffectsOnFiber (node_modules\react-native\Libraries\Renderer\implementations\ReactFabric-dev.js)
  recursivelyTraverseMutationEffects (node_modules\react-native\Libraries\Renderer\implementations\ReactFabric-dev.js)
  commitMutationEffectsOnFiber (node_modules\react-native\Libraries\Renderer\implementations\ReactFabric-dev.js)
  recursivelyTraverseMutationEffects (node_modules\react-native\Libraries\Renderer\implementations\ReactFabric-dev.js)
  commitMutationEffectsOnFiber (node_modules\react-native\Libraries\Renderer\implementations\ReactFabric-dev.js)
  recursivelyTraverseMutationEffects (node_modules\react-native\Libraries\Renderer\implementations\ReactFabric-dev.js)
  commitMutationEffectsOnFiber (node_modules\react-native\Libraries\Renderer\implementations\ReactFabric-dev.js)
  recursivelyTraverseMutationEffects (node_modules\react-native\Libraries\Renderer\implementations\ReactFabric-dev.js)
  commitMutationEffectsOnFiber (node_modules\react-native\Libraries\Renderer\implementations\ReactFabric-dev.js)
  recursivelyTraverseMutationEffects (node_modules\react-native\Libraries\Renderer\implementations\ReactFabric-dev.js)
  commitMutationEffectsOnFiber (node_modules\react-native\Libraries\Renderer\implementations\ReactFabric-dev.js)
  recursivelyTraverseMutationEffects (node_modules\react-native\Libraries\Renderer\implementations\ReactFabric-dev.js)
  commitMutationEffectsOnFiber (node_modules\react-native\Libraries\Renderer\implementations\ReactFabric-dev.js)
  recursivelyTraverseMutationEffects (node_modules\react-native\Libraries\Renderer\implementations\ReactFabric-dev.js)
  commitMutationEffectsOnFiber (node_modules\react-native\Libraries\Renderer\implementations\ReactFabric-dev.js)
  recursivelyTraverseMutationEffects (node_modules\react-native\Libraries\Renderer\implementations\ReactFabric-dev.js)
  commitMutationEffectsOnFiber (node_modules\react-native\Libraries\Renderer\implementations\ReactFabric-dev.js)
  recursivelyTraverseMutationEffects (node_modules\react-native\Libraries\Renderer\implementations\ReactFabric-dev.js)
  commitMutationEffectsOnFiber (node_modules\react-native\Libraries\Renderer\implementations\ReactFabric-dev.js)
  recursivelyTraverseMutationEffects (node_modules\react-native\Libraries\Renderer\implementations\ReactFabric-dev.js)
  commitMutationEffectsOnFiber (node_modules\react-native\Libraries\Renderer\implementations\ReactFabric-dev.js)
  recursivelyTraverseMutationEffects (node_modules\react-native\Libraries\Renderer\implementations\ReactFabric-dev.js)
  commitMutationEffectsOnFiber (node_modules\react-native\Libraries\Renderer\implementations\ReactFabric-dev.js)
  recursivelyTraverseMutationEffects (node_modules\react-native\Libraries\Renderer\implementations\ReactFabric-dev.js)
  commitMutationEffectsOnFiber (node_modules\react-native\Libraries\Renderer\implementations\ReactFabric-dev.js)
  recursivelyTraverseMutationEffects (node_modules\react-native\Libraries\Renderer\implementations\ReactFabric-dev.js)
  commitMutationEffectsOnFiber (node_modules\react-native\Libraries\Renderer\implementations\ReactFabric-dev.js)
  recursivelyTraverseMutationEffects (node_modules\react-native\Libraries\Renderer\implementations\ReactFabric-dev.js)
  commitMutationEffectsOnFiber (node_modules\react-native\Libraries\Renderer\implementations\ReactFabric-dev.js)
  recursivelyTraverseMutationEffects (node_modules\react-native\Libraries\Renderer\implementations\ReactFabric-dev.js)
  commitMutationEffectsOnFiber (node_modules\react-native\Libraries\Renderer\implementations\ReactFabric-dev.js)
  recursivelyTraverseMutationEffects (node_modules\react-native\Libraries\Renderer\implementations\ReactFabric-dev.js)
  commitMutationEffectsOnFiber (node_modules\react-native\Libraries\Renderer\implementations\ReactFabric-dev.js)
  recursivelyTraverseMutationEffects (node_modules\react-native\Libraries\Renderer\implementations\ReactFabric-dev.js)
  commitMutationEffectsOnFiber (node_modules\react-native\Libraries\Renderer\implementations\ReactFabric-dev.js)
  recursivelyTraverseMutationEffects (node_modules\react-native\Libraries\Renderer\implementations\ReactFabric-dev.js)
  commitMutationEffectsOnFiber (node_modules\react-native\Libraries\Renderer\implementations\ReactFabric-dev.js)
  recursivelyTraverseMutationEffects (node_modules\react-native\Libraries\Renderer\implementations\ReactFabric-dev.js)
  commitMutationEffectsOnFiber (node_modules\react-native\Libraries\Renderer\implementations\ReactFabric-dev.js)
  recursivelyTraverseMutationEffects (node_modules\react-native\Libraries\Renderer\implementations\ReactFabric-dev.js)
  commitMutationEffectsOnFiber (node_modules\react-native\Libraries\Renderer\implementations\ReactFabric-dev.js)
  recursivelyTraverseMutationEffects (node_modules\react-native\Libraries\Renderer\implementations\ReactFabric-dev.js)
  commitMutationEffectsOnFiber (node_modules\react-native\Libraries\Renderer\implementations\ReactFabric-dev.js)
  recursivelyTraverseMutationEffects (node_modules\react-native\Libraries\Renderer\implementations\ReactFabric-dev.js)
  commitMutationEffectsOnFiber (node_modules\react-native\Libraries\Renderer\implementations\ReactFabric-dev.js)
  recursivelyTraverseMutationEffects (node_modules\react-native\Libraries\Renderer\implementations\ReactFabric-dev.js)
  commitMutationEffectsOnFiber (node_modules\react-native\Libraries\Renderer\implementations\ReactFabric-dev.js)
  recursivelyTraverseMutationEffects (node_modules\react-native\Libraries\Renderer\implementations\ReactFabric-dev.js)
  commitMutationEffectsOnFiber (node_modules\react-native\Libraries\Renderer\implementations\ReactFabric-dev.js)
  recursivelyTraverseMutationEffects (node_modules\react-native\Libraries\Renderer\implementations\ReactFabric-dev.js)
  commitMutationEffectsOnFiber (node_modules\react-native\Libraries\Renderer\implementations\ReactFabric-dev.js)
  recursivelyTraverseMutationEffects (node_modules\react-native\Libraries\Renderer\implementations\ReactFabric-dev.js)
  commitMutationEffectsOnFiber (node_modules\react-native\Libraries\Renderer\implementations\ReactFabric-dev.js)
  recursivelyTraverseMutationEffects (node_modules\react-native\Libraries\Renderer\implementations\ReactFabric-dev.js)
  commitMutationEffectsOnFiber (node_modules\react-native\Libraries\Renderer\implementations\ReactFabric-dev.js)
  recursivelyTraverseMutationEffects (node_modules\react-native\Libraries\Renderer\implementations\ReactFabric-dev.js)
  commitMutationEffectsOnFiber (node_modules\react-native\Libraries\Renderer\implementations\ReactFabric-dev.js)
  recursivelyTraverseMutationEffects (node_modules\react-native\Libraries\Renderer\implementations\ReactFabric-dev.js)
  commitMutationEffectsOnFiber (node_modules\react-native\Libraries\Renderer\implementations\ReactFabric-dev.js)
  recursivelyTraverseMutationEffects (node_modules\react-native\Libraries\Renderer\implementations\ReactFabric-dev.js)
  commitMutationEffectsOnFiber (node_modules\react-native\Libraries\Renderer\implementations\ReactFabric-dev.js)
  recursivelyTraverseMutationEffects (node_modules\react-native\Libraries\Renderer\implementations\ReactFabric-dev.js)
  commitMutationEffectsOnFiber (node_modules\react-native\Libraries\Renderer\implementations\ReactFabric-dev.js)
  recursivelyTraverseMutationEffects (node_modules\react-native\Libraries\Renderer\implementations\ReactFabric-dev.js)
  commitMutationEffectsOnFiber (node_modules\react-native\Libraries\Renderer\implementations\ReactFabric-dev.js)
  recursivelyTraverseMutationEffects (node_modules\react-native\Libraries\Renderer\implementations\ReactFabric-dev.js)
  commitMutationEffectsOnFiber (node_modules\react-native\Libraries\Renderer\implementations\ReactFabric-dev.js)
  recursivelyTraverseMutationEffects (node_modules\react-native\Libraries\Renderer\implementations\ReactFabric-dev.js)
  commitMutationEffectsOnFiber (node_modules\react-native\Libraries\Renderer\implementations\ReactFabric-dev.js)
  flushMutationEffects (node_modules\react-native\Libraries\Renderer\implementations\ReactFabric-dev.js)
  commitRoot (node_modules\react-native\Libraries\Renderer\implementations\ReactFabric-dev.js)
  commitRootWhenReady (node_modules\react-native\Libraries\Renderer\implementations\ReactFabric-dev.js)
  performWorkOnRoot (node_modules\react-native\Libraries\Renderer\implementations\ReactFabric-dev.js)
  performSyncWorkOnRoot (node_modules\react-native\Libraries\Renderer\implementations\ReactFabric-dev.js)
  flushSyncWorkAcrossRoots_impl (node_modules\react-native\Libraries\Renderer\implementations\ReactFabric-dev.js)
  processRootScheduleInMicrotask (node_modules\react-native\Libraries\Renderer\implementations\ReactFabric-dev.js)
  scheduleMicrotask$argument_0 (node_modules\react-native\Libraries\Renderer\implementations\ReactFabric-dev.js) 

Call Stack
  call (<native>)
  apply (<native>)
  <anonymous> (node_modules\react-native-css-interop\dist\runtime\wrap-jsx.js)
  slides.map$argument_0 (app\onboarding.jsx)
  map (<native>)
  Onboarding (app\onboarding.jsx)
  call (<native>)
  apply (<native>)
  <anonymous> (node_modules\react-native-css-interop\dist\runtime\wrap-jsx.js)
  BaseRoute (node_modules\expo-router\build\useScreens.js)
  SceneView (node_modules\@react-navigation\core\lib\module\SceneView.js)
  render (node_modules\@react-navigation\core\lib\module\useDescriptors.js)
  routes.reduce$argument_0 (node_modules\@react-navigation\core\lib\module\useDescriptors.js)
  reduce (<native>)
  useDescriptors (node_modules\@react-navigation\core\lib\module\useDescriptors.js)
  useNavigationBuilder (node_modules\@react-navigation\core\lib\module\useNavigationBuilder.js)
  NativeStackNavigator (node_modules\expo-router\build\fork\native-stack\createNativeStackNavigator.js)
  call (<native>)
  apply (<native>)
  <anonymous> (node_modules\react-native-css-interop\dist\runtime\wrap-jsx.js)
  <anonymous> (node_modules\expo-router\build\layouts\withLayoutContext.js)
  call (<native>)
  apply (<native>)
  <anonymous> (node_modules\react-native-css-interop\dist\runtime\wrap-jsx.js)
  Object.assign$argument_0 (node_modules\expo-router\build\layouts\StackClient.js)
  call (<native>)
  apply (<native>)
  <anonymous> (node_modules\react-native-css-interop\dist\runtime\wrap-jsx.js)
  RootLayout (app\_layout.jsx)
  call (<native>)
  apply (<native>)
  <anonymous> (node_modules\react-native-css-interop\dist\runtime\wrap-jsx.js)
  BaseRoute (node_modules\expo-router\build\useScreens.js)
  SceneView (node_modules\@react-navigation\core\lib\module\SceneView.js)
  render (node_modules\@react-navigation\core\lib\module\useDescriptors.js)
  routes.reduce$argument_0 (node_modules\@react-navigation\core\lib\module\useDescriptors.js)
  reduce (<native>)
  useDescriptors (node_modules\@react-navigation\core\lib\module\useDescriptors.js)
  useNavigationBuilder (node_modules\@react-navigation\core\lib\module\useNavigationBuilder.js)
  Content (node_modules\expo-router\build\ExpoRoot.js)
  call (<native>)
  apply (<native>)
  <anonymous> (node_modules\react-native-css-interop\dist\runtime\wrap-jsx.js)
  ContextNavigator (node_modules\expo-router\build\ExpoRoot.js)
  call (<native>)
  apply (<native>)
  <anonymous> (node_modules\react-native-css-interop\dist\runtime\wrap-jsx.js)
  ExpoRoot (node_modules\expo-router\build\ExpoRoot.js)
  call (<native>)
  apply (<native>)
  <anonymous> (node_modules\react-native-css-interop\dist\runtime\wrap-jsx.js)
  App (node_modules\expo-router\build\qualified-entry.js)
  call (<native>)
  apply (<native>)
  <anonymous> (node_modules\react-native-css-interop\dist\runtime\wrap-jsx.js)
  WithDevTools (node_modules\expo\src\launch\withDevTools.tsx)
 ERROR  Style property 'width' is not supported by native animated module 

Call Stack
  construct (<native>)
  apply (<native>)
  _construct (node_modules\@babel\runtime\helpers\construct.js)
  Wrapper (node_modules\@babel\runtime\helpers\wrapNativeSuper.js)
  construct (<native>)
  _callSuper (node_modules\@babel\runtime\helpers\callSuper.js)
  NamelessError (node_modules\@expo\metro-runtime\src\metroServerLogs.native.ts)
  captureCurrentStack (node_modules\@expo\metro-runtime\src\metroServerLogs.native.ts)
  HMRClient.log (node_modules\@expo\metro-runtime\src\metroServerLogs.native.ts)
  console.level (node_modules\react-native\Libraries\Core\setUpDeveloperTools.js)
  validateStyles (node_modules\react-native\src\private\animated\NativeAnimatedValidation.js)
  __getNativeConfig (node_modules\react-native\Libraries\Animated\nodes\AnimatedStyle.js)
  __getNativeTag (node_modules\react-native\Libraries\Animated\nodes\AnimatedNode.js)
  __addChild (node_modules\react-native\Libraries\Animated\nodes\AnimatedWithChildren.js)
  __attach (node_modules\react-native\Libraries\Animated\nodes\AnimatedStyle.js)
  __addChild (node_modules\react-native\Libraries\Animated\nodes\AnimatedWithChildren.js)
  __attach (node_modules\react-native\Libraries\Animated\nodes\AnimatedProps.js)
  useInsertionEffect$argument_0 (node_modules\react-native\src\private\animated\createAnimatedPropsHook.js)
  callCreate.reactStackBottomFrame (node_modules\react-native\Libraries\Renderer\implementations\ReactFabric-dev.js)
  runWithFiberInDEV (node_modules\react-native\Libraries\Renderer\implementations\ReactFabric-dev.js)
  commitHookEffectListMount (node_modules\react-native\Libraries\Renderer\implementations\ReactFabric-dev.js)
  commitMutationEffectsOnFiber (node_modules\react-native\Libraries\Renderer\implementations\ReactFabric-dev.js)
  recursivelyTraverseMutationEffects (node_modules\react-native\Libraries\Renderer\implementations\ReactFabric-dev.js)
  commitMutationEffectsOnFiber (node_modules\react-native\Libraries\Renderer\implementations\ReactFabric-dev.js)
  recursivelyTraverseMutationEffects (node_modules\react-native\Libraries\Renderer\implementations\ReactFabric-dev.js)
  commitMutationEffectsOnFiber (node_modules\react-native\Libraries\Renderer\implementations\ReactFabric-dev.js)
  recursivelyTraverseMutationEffects (node_modules\react-native\Libraries\Renderer\implementations\ReactFabric-dev.js)
  commitMutationEffectsOnFiber (node_modules\react-native\Libraries\Renderer\implementations\ReactFabric-dev.js)
  recursivelyTraverseMutationEffects (node_modules\react-native\Libraries\Renderer\implementations\ReactFabric-dev.js)
  commitMutationEffectsOnFiber (node_modules\react-native\Libraries\Renderer\implementations\ReactFabric-dev.js)
  recursivelyTraverseMutationEffects (node_modules\react-native\Libraries\Renderer\implementations\ReactFabric-dev.js)
  commitMutationEffectsOnFiber (node_modules\react-native\Libraries\Renderer\implementations\ReactFabric-dev.js)
  recursivelyTraverseMutationEffects (node_modules\react-native\Libraries\Renderer\implementations\ReactFabric-dev.js)
  commitMutationEffectsOnFiber (node_modules\react-native\Libraries\Renderer\implementations\ReactFabric-dev.js)
  recursivelyTraverseMutationEffects (node_modules\react-native\Libraries\Renderer\implementations\ReactFabric-dev.js)
  commitMutationEffectsOnFiber (node_modules\react-native\Libraries\Renderer\implementations\ReactFabric-dev.js)
  recursivelyTraverseMutationEffects (node_modules\react-native\Libraries\Renderer\implementations\ReactFabric-dev.js)
  commitMutationEffectsOnFiber (node_modules\react-native\Libraries\Renderer\implementations\ReactFabric-dev.js)
  recursivelyTraverseMutationEffects (node_modules\react-native\Libraries\Renderer\implementations\ReactFabric-dev.js)
  commitMutationEffectsOnFiber (node_modules\react-native\Libraries\Renderer\implementations\ReactFabric-dev.js)
  recursivelyTraverseMutationEffects (node_modules\react-native\Libraries\Renderer\implementations\ReactFabric-dev.js)
  commitMutationEffectsOnFiber (node_modules\react-native\Libraries\Renderer\implementations\ReactFabric-dev.js)
  recursivelyTraverseMutationEffects (node_modules\react-native\Libraries\Renderer\implementations\ReactFabric-dev.js)
  commitMutationEffectsOnFiber (node_modules\react-native\Libraries\Renderer\implementations\ReactFabric-dev.js)
  recursivelyTraverseMutationEffects (node_modules\react-native\Libraries\Renderer\implementations\ReactFabric-dev.js)
  commitMutationEffectsOnFiber (node_modules\react-native\Libraries\Renderer\implementations\ReactFabric-dev.js)
  recursivelyTraverseMutationEffects (node_modules\react-native\Libraries\Renderer\implementations\ReactFabric-dev.js)
  commitMutationEffectsOnFiber (node_modules\react-native\Libraries\Renderer\implementations\ReactFabric-dev.js)
  recursivelyTraverseMutationEffects (node_modules\react-native\Libraries\Renderer\implementations\ReactFabric-dev.js)
  commitMutationEffectsOnFiber (node_modules\react-native\Libraries\Renderer\implementations\ReactFabric-dev.js)
  recursivelyTraverseMutationEffects (node_modules\react-native\Libraries\Renderer\implementations\ReactFabric-dev.js)
  commitMutationEffectsOnFiber (node_modules\react-native\Libraries\Renderer\implementations\ReactFabric-dev.js)
  recursivelyTraverseMutationEffects (node_modules\react-native\Libraries\Renderer\implementations\ReactFabric-dev.js)
  commitMutationEffectsOnFiber (node_modules\react-native\Libraries\Renderer\implementations\ReactFabric-dev.js)
  recursivelyTraverseMutationEffects (node_modules\react-native\Libraries\Renderer\implementations\ReactFabric-dev.js)
  commitMutationEffectsOnFiber (node_modules\react-native\Libraries\Renderer\implementations\ReactFabric-dev.js)
  recursivelyTraverseMutationEffects (node_modules\react-native\Libraries\Renderer\implementations\ReactFabric-dev.js)
  commitMutationEffectsOnFiber (node_modules\react-native\Libraries\Renderer\implementations\ReactFabric-dev.js)
  recursivelyTraverseMutationEffects (node_modules\react-native\Libraries\Renderer\implementations\ReactFabric-dev.js)
  commitMutationEffectsOnFiber (node_modules\react-native\Libraries\Renderer\implementations\ReactFabric-dev.js)
  recursivelyTraverseMutationEffects (node_modules\react-native\Libraries\Renderer\implementations\ReactFabric-dev.js)
  commitMutationEffectsOnFiber (node_modules\react-native\Libraries\Renderer\implementations\ReactFabric-dev.js)
  recursivelyTraverseMutationEffects (node_modules\react-native\Libraries\Renderer\implementations\ReactFabric-dev.js)
  commitMutationEffectsOnFiber (node_modules\react-native\Libraries\Renderer\implementations\ReactFabric-dev.js)
  recursivelyTraverseMutationEffects (node_modules\react-native\Libraries\Renderer\implementations\ReactFabric-dev.js)
  commitMutationEffectsOnFiber (node_modules\react-native\Libraries\Renderer\implementations\ReactFabric-dev.js)
  recursivelyTraverseMutationEffects (node_modules\react-native\Libraries\Renderer\implementations\ReactFabric-dev.js)
  commitMutationEffectsOnFiber (node_modules\react-native\Libraries\Renderer\implementations\ReactFabric-dev.js)
  recursivelyTraverseMutationEffects (node_modules\react-native\Libraries\Renderer\implementations\ReactFabric-dev.js)
  commitMutationEffectsOnFiber (node_modules\react-native\Libraries\Renderer\implementations\ReactFabric-dev.js)
  recursivelyTraverseMutationEffects (node_modules\react-native\Libraries\Renderer\implementations\ReactFabric-dev.js)
  commitMutationEffectsOnFiber (node_modules\react-native\Libraries\Renderer\implementations\ReactFabric-dev.js)
  recursivelyTraverseMutationEffects (node_modules\react-native\Libraries\Renderer\implementations\ReactFabric-dev.js)
  commitMutationEffectsOnFiber (node_modules\react-native\Libraries\Renderer\implementations\ReactFabric-dev.js)
  recursivelyTraverseMutationEffects (node_modules\react-native\Libraries\Renderer\implementations\ReactFabric-dev.js)
  commitMutationEffectsOnFiber (node_modules\react-native\Libraries\Renderer\implementations\ReactFabric-dev.js)
  recursivelyTraverseMutationEffects (node_modules\react-native\Libraries\Renderer\implementations\ReactFabric-dev.js)
  commitMutationEffectsOnFiber (node_modules\react-native\Libraries\Renderer\implementations\ReactFabric-dev.js)
  recursivelyTraverseMutationEffects (node_modules\react-native\Libraries\Renderer\implementations\ReactFabric-dev.js)
  commitMutationEffectsOnFiber (node_modules\react-native\Libraries\Renderer\implementations\ReactFabric-dev.js)
  recursivelyTraverseMutationEffects (node_modules\react-native\Libraries\Renderer\implementations\ReactFabric-dev.js)
  commitMutationEffectsOnFiber (node_modules\react-native\Libraries\Renderer\implementations\ReactFabric-dev.js)
  recursivelyTraverseMutationEffects (node_modules\react-native\Libraries\Renderer\implementations\ReactFabric-dev.js)
  commitMutationEffectsOnFiber (node_modules\react-native\Libraries\Renderer\implementations\ReactFabric-dev.js)
  recursivelyTraverseMutationEffects (node_modules\react-native\Libraries\Renderer\implementations\ReactFabric-dev.js)
  commitMutationEffectsOnFiber (node_modules\react-native\Libraries\Renderer\implementations\ReactFabric-dev.js)
  recursivelyTraverseMutationEffects (node_modules\react-native\Libraries\Renderer\implementations\ReactFabric-dev.js)
  commitMutationEffectsOnFiber (node_modules\react-native\Libraries\Renderer\implementations\ReactFabric-dev.js)
  recursivelyTraverseMutationEffects (node_modules\react-native\Libraries\Renderer\implementations\ReactFabric-dev.js)
  commitMutationEffectsOnFiber (node_modules\react-native\Libraries\Renderer\implementations\ReactFabric-dev.js)
  recursivelyTraverseMutationEffects (node_modules\react-native\Libraries\Renderer\implementations\ReactFabric-dev.js)
  commitMutationEffectsOnFiber (node_modules\react-native\Libraries\Renderer\implementations\ReactFabric-dev.js)
  flushMutationEffects (node_modules\react-native\Libraries\Renderer\implementations\ReactFabric-dev.js)
  commitRoot (node_modules\react-native\Libraries\Renderer\implementations\ReactFabric-dev.js)
  commitRootWhenReady (node_modules\react-native\Libraries\Renderer\implementations\ReactFabric-dev.js)
  performWorkOnRoot (node_modules\react-native\Libraries\Renderer\implementations\ReactFabric-dev.js)
  performSyncWorkOnRoot (node_modules\react-native\Libraries\Renderer\implementations\ReactFabric-dev.js)
  flushSyncWorkAcrossRoots_impl (node_modules\react-native\Libraries\Renderer\implementations\ReactFabric-dev.js)
  processRootScheduleInMicrotask (node_modules\react-native\Libraries\Renderer\implementations\ReactFabric-dev.js)
  scheduleMicrotask$argument_0 (node_modules\react-native\Libraries\Renderer\implementations\ReactFabric-dev.js) 

Call Stack
  call (<native>)
  apply (<native>)
  <anonymous> (node_modules\react-native-css-interop\dist\runtime\wrap-jsx.js)
  slides.map$argument_0 (app\onboarding.jsx)
  map (<native>)
  Onboarding (app\onboarding.jsx)
  call (<native>)
  apply (<native>)
  <anonymous> (node_modules\react-native-css-interop\dist\runtime\wrap-jsx.js)
  BaseRoute (node_modules\expo-router\build\useScreens.js)
  SceneView (node_modules\@react-navigation\core\lib\module\SceneView.js)
  render (node_modules\@react-navigation\core\lib\module\useDescriptors.js)
  routes.reduce$argument_0 (node_modules\@react-navigation\core\lib\module\useDescriptors.js)
  reduce (<native>)
  useDescriptors (node_modules\@react-navigation\core\lib\module\useDescriptors.js)
  useNavigationBuilder (node_modules\@react-navigation\core\lib\module\useNavigationBuilder.js)
  NativeStackNavigator (node_modules\expo-router\build\fork\native-stack\createNativeStackNavigator.js)
  call (<native>)
  apply (<native>)
  <anonymous> (node_modules\react-native-css-interop\dist\runtime\wrap-jsx.js)
  <anonymous> (node_modules\expo-router\build\layouts\withLayoutContext.js)
  call (<native>)
  apply (<native>)
  <anonymous> (node_modules\react-native-css-interop\dist\runtime\wrap-jsx.js)
  Object.assign$argument_0 (node_modules\expo-router\build\layouts\StackClient.js)
  call (<native>)
  apply (<native>)
  <anonymous> (node_modules\react-native-css-interop\dist\runtime\wrap-jsx.js)
  RootLayout (app\_layout.jsx)
  call (<native>)
  apply (<native>)
  <anonymous> (node_modules\react-native-css-interop\dist\runtime\wrap-jsx.js)
  BaseRoute (node_modules\expo-router\build\useScreens.js)
  SceneView (node_modules\@react-navigation\core\lib\module\SceneView.js)
  render (node_modules\@react-navigation\core\lib\module\useDescriptors.js)
  routes.reduce$argument_0 (node_modules\@react-navigation\core\lib\module\useDescriptors.js)
  reduce (<native>)
  useDescriptors (node_modules\@react-navigation\core\lib\module\useDescriptors.js)
  useNavigationBuilder (node_modules\@react-navigation\core\lib\module\useNavigationBuilder.js)
  Content (node_modules\expo-router\build\ExpoRoot.js)
  call (<native>)
  apply (<native>)
  <anonymous> (node_modules\react-native-css-interop\dist\runtime\wrap-jsx.js)
  ContextNavigator (node_modules\expo-router\build\ExpoRoot.js)
  call (<native>)
  apply (<native>)
  <anonymous> (node_modules\react-native-css-interop\dist\runtime\wrap-jsx.js)
  ExpoRoot (node_modules\expo-router\build\ExpoRoot.js)
  call (<native>)
  apply (<native>)
  <anonymous> (node_modules\react-native-css-interop\dist\runtime\wrap-jsx.js)
  App (node_modules\expo-router\build\qualified-entry.js)
  call (<native>)
  apply (<native>)
  <anonymous> (node_modules\react-native-css-interop\dist\runtime\wrap-jsx.js)
  WithDevTools (node_modules\expo\src\launch\withDevTools.tsx)
 ERROR  Style property 'width' is not supported by native animated module 

Call Stack
  construct (<native>)
  apply (<native>)
  _construct (node_modules\@babel\runtime\helpers\construct.js)
  Wrapper (node_modules\@babel\runtime\helpers\wrapNativeSuper.js)
  construct (<native>)
  _callSuper (node_modules\@babel\runtime\helpers\callSuper.js)
  NamelessError (node_modules\@expo\metro-runtime\src\metroServerLogs.native.ts)
  captureCurrentStack (node_modules\@expo\metro-runtime\src\metroServerLogs.native.ts)
  HMRClient.log (node_modules\@expo\metro-runtime\src\metroServerLogs.native.ts)
  console.level (node_modules\react-native\Libraries\Core\setUpDeveloperTools.js)
  validateStyles (node_modules\react-native\src\private\animated\NativeAnimatedValidation.js)
  __getNativeConfig (node_modules\react-native\Libraries\Animated\nodes\AnimatedStyle.js)
  __getNativeTag (node_modules\react-native\Libraries\Animated\nodes\AnimatedNode.js)
  __addChild (node_modules\react-native\Libraries\Animated\nodes\AnimatedWithChildren.js)
  __attach (node_modules\react-native\Libraries\Animated\nodes\AnimatedStyle.js)
  __addChild (node_modules\react-native\Libraries\Animated\nodes\AnimatedWithChildren.js)
  __attach (node_modules\react-native\Libraries\Animated\nodes\AnimatedProps.js)
  useInsertionEffect$argument_0 (node_modules\react-native\src\private\animated\createAnimatedPropsHook.js)
  callCreate.reactStackBottomFrame (node_modules\react-native\Libraries\Renderer\implementations\ReactFabric-dev.js)
  runWithFiberInDEV (node_modules\react-native\Libraries\Renderer\implementations\ReactFabric-dev.js)
  commitHookEffectListMount (node_modules\react-native\Libraries\Renderer\implementations\ReactFabric-dev.js)
  commitMutationEffectsOnFiber (node_modules\react-native\Libraries\Renderer\implementations\ReactFabric-dev.js)
  recursivelyTraverseMutationEffects (node_modules\react-native\Libraries\Renderer\implementations\ReactFabric-dev.js)
  commitMutationEffectsOnFiber (node_modules\react-native\Libraries\Renderer\implementations\ReactFabric-dev.js)
  recursivelyTraverseMutationEffects (node_modules\react-native\Libraries\Renderer\implementations\ReactFabric-dev.js)
  commitMutationEffectsOnFiber (node_modules\react-native\Libraries\Renderer\implementations\ReactFabric-dev.js)
  recursivelyTraverseMutationEffects (node_modules\react-native\Libraries\Renderer\implementations\ReactFabric-dev.js)
  commitMutationEffectsOnFiber (node_modules\react-native\Libraries\Renderer\implementations\ReactFabric-dev.js)
  recursivelyTraverseMutationEffects (node_modules\react-native\Libraries\Renderer\implementations\ReactFabric-dev.js)
  commitMutationEffectsOnFiber (node_modules\react-native\Libraries\Renderer\implementations\ReactFabric-dev.js)
  recursivelyTraverseMutationEffects (node_modules\react-native\Libraries\Renderer\implementations\ReactFabric-dev.js)
  commitMutationEffectsOnFiber (node_modules\react-native\Libraries\Renderer\implementations\ReactFabric-dev.js)
  recursivelyTraverseMutationEffects (node_modules\react-native\Libraries\Renderer\implementations\ReactFabric-dev.js)
  commitMutationEffectsOnFiber (node_modules\react-native\Libraries\Renderer\implementations\ReactFabric-dev.js)
  recursivelyTraverseMutationEffects (node_modules\react-native\Libraries\Renderer\implementations\ReactFabric-dev.js)
  commitMutationEffectsOnFiber (node_modules\react-native\Libraries\Renderer\implementations\ReactFabric-dev.js)
  recursivelyTraverseMutationEffects (node_modules\react-native\Libraries\Renderer\implementations\ReactFabric-dev.js)
  commitMutationEffectsOnFiber (node_modules\react-native\Libraries\Renderer\implementations\ReactFabric-dev.js)
  recursivelyTraverseMutationEffects (node_modules\react-native\Libraries\Renderer\implementations\ReactFabric-dev.js)
  commitMutationEffectsOnFiber (node_modules\react-native\Libraries\Renderer\implementations\ReactFabric-dev.js)
  recursivelyTraverseMutationEffects (node_modules\react-native\Libraries\Renderer\implementations\ReactFabric-dev.js)
  commitMutationEffectsOnFiber (node_modules\react-native\Libraries\Renderer\implementations\ReactFabric-dev.js)
  recursivelyTraverseMutationEffects (node_modules\react-native\Libraries\Renderer\implementations\ReactFabric-dev.js)
  commitMutationEffectsOnFiber (node_modules\react-native\Libraries\Renderer\implementations\ReactFabric-dev.js)
  recursivelyTraverseMutationEffects (node_modules\react-native\Libraries\Renderer\implementations\ReactFabric-dev.js)
  commitMutationEffectsOnFiber (node_modules\react-native\Libraries\Renderer\implementations\ReactFabric-dev.js)
  recursivelyTraverseMutationEffects (node_modules\react-native\Libraries\Renderer\implementations\ReactFabric-dev.js)
  commitMutationEffectsOnFiber (node_modules\react-native\Libraries\Renderer\implementations\ReactFabric-dev.js)
  recursivelyTraverseMutationEffects (node_modules\react-native\Libraries\Renderer\implementations\ReactFabric-dev.js)
  commitMutationEffectsOnFiber (node_modules\react-native\Libraries\Renderer\implementations\ReactFabric-dev.js)
  recursivelyTraverseMutationEffects (node_modules\react-native\Libraries\Renderer\implementations\ReactFabric-dev.js)
  commitMutationEffectsOnFiber (node_modules\react-native\Libraries\Renderer\implementations\ReactFabric-dev.js)
  recursivelyTraverseMutationEffects (node_modules\react-native\Libraries\Renderer\implementations\ReactFabric-dev.js)
  commitMutationEffectsOnFiber (node_modules\react-native\Libraries\Renderer\implementations\ReactFabric-dev.js)
  recursivelyTraverseMutationEffects (node_modules\react-native\Libraries\Renderer\implementations\ReactFabric-dev.js)
  commitMutationEffectsOnFiber (node_modules\react-native\Libraries\Renderer\implementations\ReactFabric-dev.js)
  recursivelyTraverseMutationEffects (node_modules\react-native\Libraries\Renderer\implementations\ReactFabric-dev.js)
  commitMutationEffectsOnFiber (node_modules\react-native\Libraries\Renderer\implementations\ReactFabric-dev.js)
  recursivelyTraverseMutationEffects (node_modules\react-native\Libraries\Renderer\implementations\ReactFabric-dev.js)
  commitMutationEffectsOnFiber (node_modules\react-native\Libraries\Renderer\implementations\ReactFabric-dev.js)
  recursivelyTraverseMutationEffects (node_modules\react-native\Libraries\Renderer\implementations\ReactFabric-dev.js)
  commitMutationEffectsOnFiber (node_modules\react-native\Libraries\Renderer\implementations\ReactFabric-dev.js)
  recursivelyTraverseMutationEffects (node_modules\react-native\Libraries\Renderer\implementations\ReactFabric-dev.js)
  commitMutationEffectsOnFiber (node_modules\react-native\Libraries\Renderer\implementations\ReactFabric-dev.js)
  recursivelyTraverseMutationEffects (node_modules\react-native\Libraries\Renderer\implementations\ReactFabric-dev.js)
  commitMutationEffectsOnFiber (node_modules\react-native\Libraries\Renderer\implementations\ReactFabric-dev.js)
  recursivelyTraverseMutationEffects (node_modules\react-native\Libraries\Renderer\implementations\ReactFabric-dev.js)
  commitMutationEffectsOnFiber (node_modules\react-native\Libraries\Renderer\implementations\ReactFabric-dev.js)
  recursivelyTraverseMutationEffects (node_modules\react-native\Libraries\Renderer\implementations\ReactFabric-dev.js)
  commitMutationEffectsOnFiber (node_modules\react-native\Libraries\Renderer\implementations\ReactFabric-dev.js)
  recursivelyTraverseMutationEffects (node_modules\react-native\Libraries\Renderer\implementations\ReactFabric-dev.js)
  commitMutationEffectsOnFiber (node_modules\react-native\Libraries\Renderer\implementations\ReactFabric-dev.js)
  recursivelyTraverseMutationEffects (node_modules\react-native\Libraries\Renderer\implementations\ReactFabric-dev.js)
  commitMutationEffectsOnFiber (node_modules\react-native\Libraries\Renderer\implementations\ReactFabric-dev.js)
  recursivelyTraverseMutationEffects (node_modules\react-native\Libraries\Renderer\implementations\ReactFabric-dev.js)
  commitMutationEffectsOnFiber (node_modules\react-native\Libraries\Renderer\implementations\ReactFabric-dev.js)
  recursivelyTraverseMutationEffects (node_modules\react-native\Libraries\Renderer\implementations\ReactFabric-dev.js)
  commitMutationEffectsOnFiber (node_modules\react-native\Libraries\Renderer\implementations\ReactFabric-dev.js)
  recursivelyTraverseMutationEffects (node_modules\react-native\Libraries\Renderer\implementations\ReactFabric-dev.js)
  commitMutationEffectsOnFiber (node_modules\react-native\Libraries\Renderer\implementations\ReactFabric-dev.js)
  recursivelyTraverseMutationEffects (node_modules\react-native\Libraries\Renderer\implementations\ReactFabric-dev.js)
  commitMutationEffectsOnFiber (node_modules\react-native\Libraries\Renderer\implementations\ReactFabric-dev.js)
  recursivelyTraverseMutationEffects (node_modules\react-native\Libraries\Renderer\implementations\ReactFabric-dev.js)
  commitMutationEffectsOnFiber (node_modules\react-native\Libraries\Renderer\implementations\ReactFabric-dev.js)
  recursivelyTraverseMutationEffects (node_modules\react-native\Libraries\Renderer\implementations\ReactFabric-dev.js)
  commitMutationEffectsOnFiber (node_modules\react-native\Libraries\Renderer\implementations\ReactFabric-dev.js)
  recursivelyTraverseMutationEffects (node_modules\react-native\Libraries\Renderer\implementations\ReactFabric-dev.js)
  commitMutationEffectsOnFiber (node_modules\react-native\Libraries\Renderer\implementations\ReactFabric-dev.js)
  recursivelyTraverseMutationEffects (node_modules\react-native\Libraries\Renderer\implementations\ReactFabric-dev.js)
  commitMutationEffectsOnFiber (node_modules\react-native\Libraries\Renderer\implementations\ReactFabric-dev.js)
  recursivelyTraverseMutationEffects (node_modules\react-native\Libraries\Renderer\implementations\ReactFabric-dev.js)
  commitMutationEffectsOnFiber (node_modules\react-native\Libraries\Renderer\implementations\ReactFabric-dev.js)
  flushMutationEffects (node_modules\react-native\Libraries\Renderer\implementations\ReactFabric-dev.js)
  commitRoot (node_modules\react-native\Libraries\Renderer\implementations\ReactFabric-dev.js)
  commitRootWhenReady (node_modules\react-native\Libraries\Renderer\implementations\ReactFabric-dev.js)
  performWorkOnRoot (node_modules\react-native\Libraries\Renderer\implementations\ReactFabric-dev.js)
  performSyncWorkOnRoot (node_modules\react-native\Libraries\Renderer\implementations\ReactFabric-dev.js)
  flushSyncWorkAcrossRoots_impl (node_modules\react-native\Libraries\Renderer\implementations\ReactFabric-dev.js)
  processRootScheduleInMicrotask (node_modules\react-native\Libraries\Renderer\implementations\ReactFabric-dev.js)
  scheduleMicrotask$argument_0 (node_modules\react-native\Libraries\Renderer\implementations\ReactFabric-dev.js) 

Call Stack
  call (<native>)
  apply (<native>)
  <anonymous> (node_modules\react-native-css-interop\dist\runtime\wrap-jsx.js)
  slides.map$argument_0 (app\onboarding.jsx)
  map (<native>)
  Onboarding (app\onboarding.jsx)
  call (<native>)
  apply (<native>)
  <anonymous> (node_modules\react-native-css-interop\dist\runtime\wrap-jsx.js)
  BaseRoute (node_modules\expo-router\build\useScreens.js)
  SceneView (node_modules\@react-navigation\core\lib\module\SceneView.js)
  render (node_modules\@react-navigation\core\lib\module\useDescriptors.js)
  routes.reduce$argument_0 (node_modules\@react-navigation\core\lib\module\useDescriptors.js)
  reduce (<native>)
  useDescriptors (node_modules\@react-navigation\core\lib\module\useDescriptors.js)
  useNavigationBuilder (node_modules\@react-navigation\core\lib\module\useNavigationBuilder.js)
  NativeStackNavigator (node_modules\expo-router\build\fork\native-stack\createNativeStackNavigator.js)
  call (<native>)
  apply (<native>)
  <anonymous> (node_modules\react-native-css-interop\dist\runtime\wrap-jsx.js)
  <anonymous> (node_modules\expo-router\build\layouts\withLayoutContext.js)
  call (<native>)
  apply (<native>)
  <anonymous> (node_modules\react-native-css-interop\dist\runtime\wrap-jsx.js)
  Object.assign$argument_0 (node_modules\expo-router\build\layouts\StackClient.js)
  call (<native>)
  apply (<native>)
  <anonymous> (node_modules\react-native-css-interop\dist\runtime\wrap-jsx.js)
  RootLayout (app\_layout.jsx)
  call (<native>)
  apply (<native>)
  <anonymous> (node_modules\react-native-css-interop\dist\runtime\wrap-jsx.js)
  BaseRoute (node_modules\expo-router\build\useScreens.js)
  SceneView (node_modules\@react-navigation\core\lib\module\SceneView.js)
  render (node_modules\@react-navigation\core\lib\module\useDescriptors.js)
  routes.reduce$argument_0 (node_modules\@react-navigation\core\lib\module\useDescriptors.js)
  reduce (<native>)
  useDescriptors (node_modules\@react-navigation\core\lib\module\useDescriptors.js)
  useNavigationBuilder (node_modules\@react-navigation\core\lib\module\useNavigationBuilder.js)
  Content (node_modules\expo-router\build\ExpoRoot.js)
  call (<native>)
  apply (<native>)
  <anonymous> (node_modules\react-native-css-interop\dist\runtime\wrap-jsx.js)
  ContextNavigator (node_modules\expo-router\build\ExpoRoot.js)
  call (<native>)
  apply (<native>)
  <anonymous> (node_modules\react-native-css-interop\dist\runtime\wrap-jsx.js)
  ExpoRoot (node_modules\expo-router\build\ExpoRoot.js)
  call (<native>)
  apply (<native>)
  <anonymous> (node_modules\react-native-css-interop\dist\runtime\wrap-jsx.js)
  App (node_modules\expo-router\build\qualified-entry.js)
  call (<native>)
  apply (<native>)
  <anonymous> (node_modules\react-native-css-interop\dist\runtime\wrap-jsx.js)
  WithDevTools (node_modules\expo\src\launch\withDevTools.tsx)
 ERROR  Style property 'width' is not supported by native animated module 

Call Stack
  construct (<native>)
  apply (<native>)
  _construct (node_modules\@babel\runtime\helpers\construct.js)
  Wrapper (node_modules\@babel\runtime\helpers\wrapNativeSuper.js)
  construct (<native>)
  _callSuper (node_modules\@babel\runtime\helpers\callSuper.js)
  NamelessError (node_modules\@expo\metro-runtime\src\metroServerLogs.native.ts)
  captureCurrentStack (node_modules\@expo\metro-runtime\src\metroServerLogs.native.ts)
  HMRClient.log (node_modules\@expo\metro-runtime\src\metroServerLogs.native.ts)
  console.level (node_modules\react-native\Libraries\Core\setUpDeveloperTools.js)
  validateStyles (node_modules\react-native\src\private\animated\NativeAnimatedValidation.js)
  __getNativeConfig (node_modules\react-native\Libraries\Animated\nodes\AnimatedStyle.js)
  __getNativeTag (node_modules\react-native\Libraries\Animated\nodes\AnimatedNode.js)
  __addChild (node_modules\react-native\Libraries\Animated\nodes\AnimatedWithChildren.js)
  __attach (node_modules\react-native\Libraries\Animated\nodes\AnimatedStyle.js)
  __addChild (node_modules\react-native\Libraries\Animated\nodes\AnimatedWithChildren.js)
  __attach (node_modules\react-native\Libraries\Animated\nodes\AnimatedProps.js)
  useInsertionEffect$argument_0 (node_modules\react-native\src\private\animated\createAnimatedPropsHook.js)
  callCreate.reactStackBottomFrame (node_modules\react-native\Libraries\Renderer\implementations\ReactFabric-dev.js)
  runWithFiberInDEV (node_modules\react-native\Libraries\Renderer\implementations\ReactFabric-dev.js)
  commitHookEffectListMount (node_modules\react-native\Libraries\Renderer\implementations\ReactFabric-dev.js)
  commitMutationEffectsOnFiber (node_modules\react-native\Libraries\Renderer\implementations\ReactFabric-dev.js)
  recursivelyTraverseMutationEffects (node_modules\react-native\Libraries\Renderer\implementations\ReactFabric-dev.js)
  commitMutationEffectsOnFiber (node_modules\react-native\Libraries\Renderer\implementations\ReactFabric-dev.js)
  recursivelyTraverseMutationEffects (node_modules\react-native\Libraries\Renderer\implementations\ReactFabric-dev.js)
  commitMutationEffectsOnFiber (node_modules\react-native\Libraries\Renderer\implementations\ReactFabric-dev.js)
  recursivelyTraverseMutationEffects (node_modules\react-native\Libraries\Renderer\implementations\ReactFabric-dev.js)
  commitMutationEffectsOnFiber (node_modules\react-native\Libraries\Renderer\implementations\ReactFabric-dev.js)
  recursivelyTraverseMutationEffects (node_modules\react-native\Libraries\Renderer\implementations\ReactFabric-dev.js)
  commitMutationEffectsOnFiber (node_modules\react-native\Libraries\Renderer\implementations\ReactFabric-dev.js)
  recursivelyTraverseMutationEffects (node_modules\react-native\Libraries\Renderer\implementations\ReactFabric-dev.js)
  commitMutationEffectsOnFiber (node_modules\react-native\Libraries\Renderer\implementations\ReactFabric-dev.js)
  recursivelyTraverseMutationEffects (node_modules\react-native\Libraries\Renderer\implementations\ReactFabric-dev.js)
  commitMutationEffectsOnFiber (node_modules\react-native\Libraries\Renderer\implementations\ReactFabric-dev.js)
  recursivelyTraverseMutationEffects (node_modules\react-native\Libraries\Renderer\implementations\ReactFabric-dev.js)
  commitMutationEffectsOnFiber (node_modules\react-native\Libraries\Renderer\implementations\ReactFabric-dev.js)
  recursivelyTraverseMutationEffects (node_modules\react-native\Libraries\Renderer\implementations\ReactFabric-dev.js)
  commitMutationEffectsOnFiber (node_modules\react-native\Libraries\Renderer\implementations\ReactFabric-dev.js)
  recursivelyTraverseMutationEffects (node_modules\react-native\Libraries\Renderer\implementations\ReactFabric-dev.js)
  commitMutationEffectsOnFiber (node_modules\react-native\Libraries\Renderer\implementations\ReactFabric-dev.js)
  recursivelyTraverseMutationEffects (node_modules\react-native\Libraries\Renderer\implementations\ReactFabric-dev.js)
  commitMutationEffectsOnFiber (node_modules\react-native\Libraries\Renderer\implementations\ReactFabric-dev.js)
  recursivelyTraverseMutationEffects (node_modules\react-native\Libraries\Renderer\implementations\ReactFabric-dev.js)
  commitMutationEffectsOnFiber (node_modules\react-native\Libraries\Renderer\implementations\ReactFabric-dev.js)
  recursivelyTraverseMutationEffects (node_modules\react-native\Libraries\Renderer\implementations\ReactFabric-dev.js)
  commitMutationEffectsOnFiber (node_modules\react-native\Libraries\Renderer\implementations\ReactFabric-dev.js)
  recursivelyTraverseMutationEffects (node_modules\react-native\Libraries\Renderer\implementations\ReactFabric-dev.js)
  commitMutationEffectsOnFiber (node_modules\react-native\Libraries\Renderer\implementations\ReactFabric-dev.js)
  recursivelyTraverseMutationEffects (node_modules\react-native\Libraries\Renderer\implementations\ReactFabric-dev.js)
  commitMutationEffectsOnFiber (node_modules\react-native\Libraries\Renderer\implementations\ReactFabric-dev.js)
  recursivelyTraverseMutationEffects (node_modules\react-native\Libraries\Renderer\implementations\ReactFabric-dev.js)
  commitMutationEffectsOnFiber (node_modules\react-native\Libraries\Renderer\implementations\ReactFabric-dev.js)
  recursivelyTraverseMutationEffects (node_modules\react-native\Libraries\Renderer\implementations\ReactFabric-dev.js)
  commitMutationEffectsOnFiber (node_modules\react-native\Libraries\Renderer\implementations\ReactFabric-dev.js)
  recursivelyTraverseMutationEffects (node_modules\react-native\Libraries\Renderer\implementations\ReactFabric-dev.js)
  commitMutationEffectsOnFiber (node_modules\react-native\Libraries\Renderer\implementations\ReactFabric-dev.js)
  recursivelyTraverseMutationEffects (node_modules\react-native\Libraries\Renderer\implementations\ReactFabric-dev.js)
  commitMutationEffectsOnFiber (node_modules\react-native\Libraries\Renderer\implementations\ReactFabric-dev.js)
  recursivelyTraverseMutationEffects (node_modules\react-native\Libraries\Renderer\implementations\ReactFabric-dev.js)
  commitMutationEffectsOnFiber (node_modules\react-native\Libraries\Renderer\implementations\ReactFabric-dev.js)
  recursivelyTraverseMutationEffects (node_modules\react-native\Libraries\Renderer\implementations\ReactFabric-dev.js)
  commitMutationEffectsOnFiber (node_modules\react-native\Libraries\Renderer\implementations\ReactFabric-dev.js)
  recursivelyTraverseMutationEffects (node_modules\react-native\Libraries\Renderer\implementations\ReactFabric-dev.js)
  commitMutationEffectsOnFiber (node_modules\react-native\Libraries\Renderer\implementations\ReactFabric-dev.js)
  recursivelyTraverseMutationEffects (node_modules\react-native\Libraries\Renderer\implementations\ReactFabric-dev.js)
  commitMutationEffectsOnFiber (node_modules\react-native\Libraries\Renderer\implementations\ReactFabric-dev.js)
  recursivelyTraverseMutationEffects (node_modules\react-native\Libraries\Renderer\implementations\ReactFabric-dev.js)
  commitMutationEffectsOnFiber (node_modules\react-native\Libraries\Renderer\implementations\ReactFabric-dev.js)
  recursivelyTraverseMutationEffects (node_modules\react-native\Libraries\Renderer\implementations\ReactFabric-dev.js)
  commitMutationEffectsOnFiber (node_modules\react-native\Libraries\Renderer\implementations\ReactFabric-dev.js)
  recursivelyTraverseMutationEffects (node_modules\react-native\Libraries\Renderer\implementations\ReactFabric-dev.js)
  commitMutationEffectsOnFiber (node_modules\react-native\Libraries\Renderer\implementations\ReactFabric-dev.js)
  recursivelyTraverseMutationEffects (node_modules\react-native\Libraries\Renderer\implementations\ReactFabric-dev.js)
  commitMutationEffectsOnFiber (node_modules\react-native\Libraries\Renderer\implementations\ReactFabric-dev.js)
  recursivelyTraverseMutationEffects (node_modules\react-native\Libraries\Renderer\implementations\ReactFabric-dev.js)
  commitMutationEffectsOnFiber (node_modules\react-native\Libraries\Renderer\implementations\ReactFabric-dev.js)
  recursivelyTraverseMutationEffects (node_modules\react-native\Libraries\Renderer\implementations\ReactFabric-dev.js)
  commitMutationEffectsOnFiber (node_modules\react-native\Libraries\Renderer\implementations\ReactFabric-dev.js)
  recursivelyTraverseMutationEffects (node_modules\react-native\Libraries\Renderer\implementations\ReactFabric-dev.js)
  commitMutationEffectsOnFiber (node_modules\react-native\Libraries\Renderer\implementations\ReactFabric-dev.js)
  recursivelyTraverseMutationEffects (node_modules\react-native\Libraries\Renderer\implementations\ReactFabric-dev.js)
  commitMutationEffectsOnFiber (node_modules\react-native\Libraries\Renderer\implementations\ReactFabric-dev.js)
  recursivelyTraverseMutationEffects (node_modules\react-native\Libraries\Renderer\implementations\ReactFabric-dev.js)
  commitMutationEffectsOnFiber (node_modules\react-native\Libraries\Renderer\implementations\ReactFabric-dev.js)
  recursivelyTraverseMutationEffects (node_modules\react-native\Libraries\Renderer\implementations\ReactFabric-dev.js)
  commitMutationEffectsOnFiber (node_modules\react-native\Libraries\Renderer\implementations\ReactFabric-dev.js)
  recursivelyTraverseMutationEffects (node_modules\react-native\Libraries\Renderer\implementations\ReactFabric-dev.js)
  commitMutationEffectsOnFiber (node_modules\react-native\Libraries\Renderer\implementations\ReactFabric-dev.js)
  recursivelyTraverseMutationEffects (node_modules\react-native\Libraries\Renderer\implementations\ReactFabric-dev.js)
  commitMutationEffectsOnFiber (node_modules\react-native\Libraries\Renderer\implementations\ReactFabric-dev.js)
  recursivelyTraverseMutationEffects (node_modules\react-native\Libraries\Renderer\implementations\ReactFabric-dev.js)
  commitMutationEffectsOnFiber (node_modules\react-native\Libraries\Renderer\implementations\ReactFabric-dev.js)
  flushMutationEffects (node_modules\react-native\Libraries\Renderer\implementations\ReactFabric-dev.js)
  commitRoot (node_modules\react-native\Libraries\Renderer\implementations\ReactFabric-dev.js)
  commitRootWhenReady (node_modules\react-native\Libraries\Renderer\implementations\ReactFabric-dev.js)
  performWorkOnRoot (node_modules\react-native\Libraries\Renderer\implementations\ReactFabric-dev.js)
  performSyncWorkOnRoot (node_modules\react-native\Libraries\Renderer\implementations\ReactFabric-dev.js)
  flushSyncWorkAcrossRoots_impl (node_modules\react-native\Libraries\Renderer\implementations\ReactFabric-dev.js)
  processRootScheduleInMicrotask (node_modules\react-native\Libraries\Renderer\implementations\ReactFabric-dev.js)
  scheduleMicrotask$argument_0 (node_modules\react-native\Libraries\Renderer\implementations\ReactFabric-dev.js) 

Call Stack
  call (<native>)
  apply (<native>)
  <anonymous> (node_modules\react-native-css-interop\dist\runtime\wrap-jsx.js)
  slides.map$argument_0 (app\onboarding.jsx)
  map (<native>)
  Onboarding (app\onboarding.jsx)
  call (<native>)
  apply (<native>)
  <anonymous> (node_modules\react-native-css-interop\dist\runtime\wrap-jsx.js)
  BaseRoute (node_modules\expo-router\build\useScreens.js)
  SceneView (node_modules\@react-navigation\core\lib\module\SceneView.js)
  render (node_modules\@react-navigation\core\lib\module\useDescriptors.js)
  routes.reduce$argument_0 (node_modules\@react-navigation\core\lib\module\useDescriptors.js)
  reduce (<native>)
  useDescriptors (node_modules\@react-navigation\core\lib\module\useDescriptors.js)
  useNavigationBuilder (node_modules\@react-navigation\core\lib\module\useNavigationBuilder.js)
  NativeStackNavigator (node_modules\expo-router\build\fork\native-stack\createNativeStackNavigator.js)
  call (<native>)
  apply (<native>)
  <anonymous> (node_modules\react-native-css-interop\dist\runtime\wrap-jsx.js)
  <anonymous> (node_modules\expo-router\build\layouts\withLayoutContext.js)
  call (<native>)
  apply (<native>)
  <anonymous> (node_modules\react-native-css-interop\dist\runtime\wrap-jsx.js)
  Object.assign$argument_0 (node_modules\expo-router\build\layouts\StackClient.js)
  call (<native>)
  apply (<native>)
  <anonymous> (node_modules\react-native-css-interop\dist\runtime\wrap-jsx.js)
  RootLayout (app\_layout.jsx)
  call (<native>)
  apply (<native>)
  <anonymous> (node_modules\react-native-css-interop\dist\runtime\wrap-jsx.js)
  BaseRoute (node_modules\expo-router\build\useScreens.js)
  SceneView (node_modules\@react-navigation\core\lib\module\SceneView.js)
  render (node_modules\@react-navigation\core\lib\module\useDescriptors.js)
  routes.reduce$argument_0 (node_modules\@react-navigation\core\lib\module\useDescriptors.js)
  reduce (<native>)
  useDescriptors (node_modules\@react-navigation\core\lib\module\useDescriptors.js)
  useNavigationBuilder (node_modules\@react-navigation\core\lib\module\useNavigationBuilder.js)
  Content (node_modules\expo-router\build\ExpoRoot.js)
  call (<native>)
  apply (<native>)
  <anonymous> (node_modules\react-native-css-interop\dist\runtime\wrap-jsx.js)
  ContextNavigator (node_modules\expo-router\build\ExpoRoot.js)
  call (<native>)
  apply (<native>)
  <anonymous> (node_modules\react-native-css-interop\dist\runtime\wrap-jsx.js)
  ExpoRoot (node_modules\expo-router\build\ExpoRoot.js)
  call (<native>)
  apply (<native>)
  <anonymous> (node_modules\react-native-css-interop\dist\runtime\wrap-jsx.js)
  App (node_modules\expo-router\build\qualified-entry.js)
  call (<native>)
  apply (<native>)
  <anonymous> (node_modules\react-native-css-interop\dist\runtime\wrap-jsx.js)
  WithDevTools (node_modules\expo\src\launch\withDevTools.tsx)
 ERROR  Style property 'width' is not supported by native animated module 

Call Stack
  construct (<native>)
  apply (<native>)
  _construct (node_modules\@babel\runtime\helpers\construct.js)
  Wrapper (node_modules\@babel\runtime\helpers\wrapNativeSuper.js)
  construct (<native>)
  _callSuper (node_modules\@babel\runtime\helpers\callSuper.js)
  NamelessError (node_modules\@expo\metro-runtime\src\metroServerLogs.native.ts)
  captureCurrentStack (node_modules\@expo\metro-runtime\src\metroServerLogs.native.ts)
  HMRClient.log (node_modules\@expo\metro-runtime\src\metroServerLogs.native.ts)
  console.level (node_modules\react-native\Libraries\Core\setUpDeveloperTools.js)
  validateStyles (node_modules\react-native\src\private\animated\NativeAnimatedValidation.js)
  __getNativeConfig (node_modules\react-native\Libraries\Animated\nodes\AnimatedStyle.js)
  __getNativeTag (node_modules\react-native\Libraries\Animated\nodes\AnimatedNode.js)
  __addChild (node_modules\react-native\Libraries\Animated\nodes\AnimatedWithChildren.js)
  __attach (node_modules\react-native\Libraries\Animated\nodes\AnimatedStyle.js)
  __addChild (node_modules\react-native\Libraries\Animated\nodes\AnimatedWithChildren.js)
  __attach (node_modules\react-native\Libraries\Animated\nodes\AnimatedProps.js)
  useInsertionEffect$argument_0 (node_modules\react-native\src\private\animated\createAnimatedPropsHook.js)
  callCreate.reactStackBottomFrame (node_modules\react-native\Libraries\Renderer\implementations\ReactFabric-dev.js)
  runWithFiberInDEV (node_modules\react-native\Libraries\Renderer\implementations\ReactFabric-dev.js)
  commitHookEffectListMount (node_modules\react-native\Libraries\Renderer\implementations\ReactFabric-dev.js)
  commitMutationEffectsOnFiber (node_modules\react-native\Libraries\Renderer\implementations\ReactFabric-dev.js)
  recursivelyTraverseMutationEffects (node_modules\react-native\Libraries\Renderer\implementations\ReactFabric-dev.js)
  commitMutationEffectsOnFiber (node_modules\react-native\Libraries\Renderer\implementations\ReactFabric-dev.js)
  recursivelyTraverseMutationEffects (node_modules\react-native\Libraries\Renderer\implementations\ReactFabric-dev.js)
  commitMutationEffectsOnFiber (node_modules\react-native\Libraries\Renderer\implementations\ReactFabric-dev.js)
  recursivelyTraverseMutationEffects (node_modules\react-native\Libraries\Renderer\implementations\ReactFabric-dev.js)
  commitMutationEffectsOnFiber (node_modules\react-native\Libraries\Renderer\implementations\ReactFabric-dev.js)
  recursivelyTraverseMutationEffects (node_modules\react-native\Libraries\Renderer\implementations\ReactFabric-dev.js)
  commitMutationEffectsOnFiber (node_modules\react-native\Libraries\Renderer\implementations\ReactFabric-dev.js)
  recursivelyTraverseMutationEffects (node_modules\react-native\Libraries\Renderer\implementations\ReactFabric-dev.js)
  commitMutationEffectsOnFiber (node_modules\react-native\Libraries\Renderer\implementations\ReactFabric-dev.js)
  recursivelyTraverseMutationEffects (node_modules\react-native\Libraries\Renderer\implementations\ReactFabric-dev.js)
  commitMutationEffectsOnFiber (node_modules\react-native\Libraries\Renderer\implementations\ReactFabric-dev.js)
  recursivelyTraverseMutationEffects (node_modules\react-native\Libraries\Renderer\implementations\ReactFabric-dev.js)
  commitMutationEffectsOnFiber (node_modules\react-native\Libraries\Renderer\implementations\ReactFabric-dev.js)
  recursivelyTraverseMutationEffects (node_modules\react-native\Libraries\Renderer\implementations\ReactFabric-dev.js)
  commitMutationEffectsOnFiber (node_modules\react-native\Libraries\Renderer\implementations\ReactFabric-dev.js)
  recursivelyTraverseMutationEffects (node_modules\react-native\Libraries\Renderer\implementations\ReactFabric-dev.js)
  commitMutationEffectsOnFiber (node_modules\react-native\Libraries\Renderer\implementations\ReactFabric-dev.js)
  recursivelyTraverseMutationEffects (node_modules\react-native\Libraries\Renderer\implementations\ReactFabric-dev.js)
  commitMutationEffectsOnFiber (node_modules\react-native\Libraries\Renderer\implementations\ReactFabric-dev.js)
  recursivelyTraverseMutationEffects (node_modules\react-native\Libraries\Renderer\implementations\ReactFabric-dev.js)
  commitMutationEffectsOnFiber (node_modules\react-native\Libraries\Renderer\implementations\ReactFabric-dev.js)
  recursivelyTraverseMutationEffects (node_modules\react-native\Libraries\Renderer\implementations\ReactFabric-dev.js)
  commitMutationEffectsOnFiber (node_modules\react-native\Libraries\Renderer\implementations\ReactFabric-dev.js)
  recursivelyTraverseMutationEffects (node_modules\react-native\Libraries\Renderer\implementations\ReactFabric-dev.js)
  commitMutationEffectsOnFiber (node_modules\react-native\Libraries\Renderer\implementations\ReactFabric-dev.js)
  recursivelyTraverseMutationEffects (node_modules\react-native\Libraries\Renderer\implementations\ReactFabric-dev.js)
  commitMutationEffectsOnFiber (node_modules\react-native\Libraries\Renderer\implementations\ReactFabric-dev.js)
  recursivelyTraverseMutationEffects (node_modules\react-native\Libraries\Renderer\implementations\ReactFabric-dev.js)
  commitMutationEffectsOnFiber (node_modules\react-native\Libraries\Renderer\implementations\ReactFabric-dev.js)
  recursivelyTraverseMutationEffects (node_modules\react-native\Libraries\Renderer\implementations\ReactFabric-dev.js)
  commitMutationEffectsOnFiber (node_modules\react-native\Libraries\Renderer\implementations\ReactFabric-dev.js)
  recursivelyTraverseMutationEffects (node_modules\react-native\Libraries\Renderer\implementations\ReactFabric-dev.js)
  commitMutationEffectsOnFiber (node_modules\react-native\Libraries\Renderer\implementations\ReactFabric-dev.js)
  recursivelyTraverseMutationEffects (node_modules\react-native\Libraries\Renderer\implementations\ReactFabric-dev.js)
  commitMutationEffectsOnFiber (node_modules\react-native\Libraries\Renderer\implementations\ReactFabric-dev.js)
  recursivelyTraverseMutationEffects (node_modules\react-native\Libraries\Renderer\implementations\ReactFabric-dev.js)
  commitMutationEffectsOnFiber (node_modules\react-native\Libraries\Renderer\implementations\ReactFabric-dev.js)
  recursivelyTraverseMutationEffects (node_modules\react-native\Libraries\Renderer\implementations\ReactFabric-dev.js)
  commitMutationEffectsOnFiber (node_modules\react-native\Libraries\Renderer\implementations\ReactFabric-dev.js)
  recursivelyTraverseMutationEffects (node_modules\react-native\Libraries\Renderer\implementations\ReactFabric-dev.js)
  commitMutationEffectsOnFiber (node_modules\react-native\Libraries\Renderer\implementations\ReactFabric-dev.js)
  recursivelyTraverseMutationEffects (node_modules\react-native\Libraries\Renderer\implementations\ReactFabric-dev.js)
  commitMutationEffectsOnFiber (node_modules\react-native\Libraries\Renderer\implementations\ReactFabric-dev.js)
  recursivelyTraverseMutationEffects (node_modules\react-native\Libraries\Renderer\implementations\ReactFabric-dev.js)
  commitMutationEffectsOnFiber (node_modules\react-native\Libraries\Renderer\implementations\ReactFabric-dev.js)
  recursivelyTraverseMutationEffects (node_modules\react-native\Libraries\Renderer\implementations\ReactFabric-dev.js)
  commitMutationEffectsOnFiber (node_modules\react-native\Libraries\Renderer\implementations\ReactFabric-dev.js)
  recursivelyTraverseMutationEffects (node_modules\react-native\Libraries\Renderer\implementations\ReactFabric-dev.js)
  commitMutationEffectsOnFiber (node_modules\react-native\Libraries\Renderer\implementations\ReactFabric-dev.js)
  recursivelyTraverseMutationEffects (node_modules\react-native\Libraries\Renderer\implementations\ReactFabric-dev.js)
  commitMutationEffectsOnFiber (node_modules\react-native\Libraries\Renderer\implementations\ReactFabric-dev.js)
  recursivelyTraverseMutationEffects (node_modules\react-native\Libraries\Renderer\implementations\ReactFabric-dev.js)
  commitMutationEffectsOnFiber (node_modules\react-native\Libraries\Renderer\implementations\ReactFabric-dev.js)
  recursivelyTraverseMutationEffects (node_modules\react-native\Libraries\Renderer\implementations\ReactFabric-dev.js)
  commitMutationEffectsOnFiber (node_modules\react-native\Libraries\Renderer\implementations\ReactFabric-dev.js)
  recursivelyTraverseMutationEffects (node_modules\react-native\Libraries\Renderer\implementations\ReactFabric-dev.js)
  commitMutationEffectsOnFiber (node_modules\react-native\Libraries\Renderer\implementations\ReactFabric-dev.js)
  recursivelyTraverseMutationEffects (node_modules\react-native\Libraries\Renderer\implementations\ReactFabric-dev.js)
  commitMutationEffectsOnFiber (node_modules\react-native\Libraries\Renderer\implementations\ReactFabric-dev.js)
  recursivelyTraverseMutationEffects (node_modules\react-native\Libraries\Renderer\implementations\ReactFabric-dev.js)
  commitMutationEffectsOnFiber (node_modules\react-native\Libraries\Renderer\implementations\ReactFabric-dev.js)
  recursivelyTraverseMutationEffects (node_modules\react-native\Libraries\Renderer\implementations\ReactFabric-dev.js)
  commitMutationEffectsOnFiber (node_modules\react-native\Libraries\Renderer\implementations\ReactFabric-dev.js)
  recursivelyTraverseMutationEffects (node_modules\react-native\Libraries\Renderer\implementations\ReactFabric-dev.js)
  commitMutationEffectsOnFiber (node_modules\react-native\Libraries\Renderer\implementations\ReactFabric-dev.js)
  recursivelyTraverseMutationEffects (node_modules\react-native\Libraries\Renderer\implementations\ReactFabric-dev.js)
  commitMutationEffectsOnFiber (node_modules\react-native\Libraries\Renderer\implementations\ReactFabric-dev.js)
  recursivelyTraverseMutationEffects (node_modules\react-native\Libraries\Renderer\implementations\ReactFabric-dev.js)
  commitMutationEffectsOnFiber (node_modules\react-native\Libraries\Renderer\implementations\ReactFabric-dev.js)
  flushMutationEffects (node_modules\react-native\Libraries\Renderer\implementations\ReactFabric-dev.js)
  commitRoot (node_modules\react-native\Libraries\Renderer\implementations\ReactFabric-dev.js)
  commitRootWhenReady (node_modules\react-native\Libraries\Renderer\implementations\ReactFabric-dev.js)
  performWorkOnRoot (node_modules\react-native\Libraries\Renderer\implementations\ReactFabric-dev.js)
  performSyncWorkOnRoot (node_modules\react-native\Libraries\Renderer\implementations\ReactFabric-dev.js)
  flushSyncWorkAcrossRoots_impl (node_modules\react-native\Libraries\Renderer\implementations\ReactFabric-dev.js)
  processRootScheduleInMicrotask (node_modules\react-native\Libraries\Renderer\implementations\ReactFabric-dev.js)
  scheduleMicrotask$argument_0 (node_modules\react-native\Libraries\Renderer\implementations\ReactFabric-dev.js) 

Call Stack
  call (<native>)
  apply (<native>)
  <anonymous> (node_modules\react-native-css-interop\dist\runtime\wrap-jsx.js)
  slides.map$argument_0 (app\onboarding.jsx)
  map (<native>)
  Onboarding (app\onboarding.jsx)
  call (<native>)
  apply (<native>)
  <anonymous> (node_modules\react-native-css-interop\dist\runtime\wrap-jsx.js)
  BaseRoute (node_modules\expo-router\build\useScreens.js)
  SceneView (node_modules\@react-navigation\core\lib\module\SceneView.js)
  render (node_modules\@react-navigation\core\lib\module\useDescriptors.js)
  routes.reduce$argument_0 (node_modules\@react-navigation\core\lib\module\useDescriptors.js)
  reduce (<native>)
  useDescriptors (node_modules\@react-navigation\core\lib\module\useDescriptors.js)
  useNavigationBuilder (node_modules\@react-navigation\core\lib\module\useNavigationBuilder.js)
  NativeStackNavigator (node_modules\expo-router\build\fork\native-stack\createNativeStackNavigator.js)
  call (<native>)
  apply (<native>)
  <anonymous> (node_modules\react-native-css-interop\dist\runtime\wrap-jsx.js)
  <anonymous> (node_modules\expo-router\build\layouts\withLayoutContext.js)
  call (<native>)
  apply (<native>)
  <anonymous> (node_modules\react-native-css-interop\dist\runtime\wrap-jsx.js)
  Object.assign$argument_0 (node_modules\expo-router\build\layouts\StackClient.js)
  call (<native>)
  apply (<native>)
  <anonymous> (node_modules\react-native-css-interop\dist\runtime\wrap-jsx.js)
  RootLayout (app\_layout.jsx)
  call (<native>)
  apply (<native>)
  <anonymous> (node_modules\react-native-css-interop\dist\runtime\wrap-jsx.js)
  BaseRoute (node_modules\expo-router\build\useScreens.js)
  SceneView (node_modules\@react-navigation\core\lib\module\SceneView.js)
  render (node_modules\@react-navigation\core\lib\module\useDescriptors.js)
  routes.reduce$argument_0 (node_modules\@react-navigation\core\lib\module\useDescriptors.js)
  reduce (<native>)
  useDescriptors (node_modules\@react-navigation\core\lib\module\useDescriptors.js)
  useNavigationBuilder (node_modules\@react-navigation\core\lib\module\useNavigationBuilder.js)
  Content (node_modules\expo-router\build\ExpoRoot.js)
  call (<native>)
  apply (<native>)
  <anonymous> (node_modules\react-native-css-interop\dist\runtime\wrap-jsx.js)
  ContextNavigator (node_modules\expo-router\build\ExpoRoot.js)
  call (<native>)
  apply (<native>)
  <anonymous> (node_modules\react-native-css-interop\dist\runtime\wrap-jsx.js)
  ExpoRoot (node_modules\expo-router\build\ExpoRoot.js)
  call (<native>)
  apply (<native>)
  <anonymous> (node_modules\react-native-css-interop\dist\runtime\wrap-jsx.js)
  App (node_modules\expo-router\build\qualified-entry.js)
  call (<native>)
  apply (<native>)
  <anonymous> (node_modules\react-native-css-interop\dist\runtime\wrap-jsx.js)
  WithDevTools (node_modules\expo\src\launch\withDevTools.tsx)
 ERROR  Style property 'width' is not supported by native animated module 

Call Stack
  construct (<native>)
  apply (<native>)
  _construct (node_modules\@babel\runtime\helpers\construct.js)
  Wrapper (node_modules\@babel\runtime\helpers\wrapNativeSuper.js)
  construct (<native>)
  _callSuper (node_modules\@babel\runtime\helpers\callSuper.js)
  NamelessError (node_modules\@expo\metro-runtime\src\metroServerLogs.native.ts)
  captureCurrentStack (node_modules\@expo\metro-runtime\src\metroServerLogs.native.ts)
  HMRClient.log (node_modules\@expo\metro-runtime\src\metroServerLogs.native.ts)
  console.level (node_modules\react-native\Libraries\Core\setUpDeveloperTools.js)
  validateStyles (node_modules\react-native\src\private\animated\NativeAnimatedValidation.js)
  __getNativeConfig (node_modules\react-native\Libraries\Animated\nodes\AnimatedStyle.js)
  __getNativeTag (node_modules\react-native\Libraries\Animated\nodes\AnimatedNode.js)
  __addChild (node_modules\react-native\Libraries\Animated\nodes\AnimatedWithChildren.js)
  __attach (node_modules\react-native\Libraries\Animated\nodes\AnimatedStyle.js)
  __addChild (node_modules\react-native\Libraries\Animated\nodes\AnimatedWithChildren.js)
  __attach (node_modules\react-native\Libraries\Animated\nodes\AnimatedProps.js)
  useInsertionEffect$argument_0 (node_modules\react-native\src\private\animated\createAnimatedPropsHook.js)
  callCreate.reactStackBottomFrame (node_modules\react-native\Libraries\Renderer\implementations\ReactFabric-dev.js)
  runWithFiberInDEV (node_modules\react-native\Libraries\Renderer\implementations\ReactFabric-dev.js)
  commitHookEffectListMount (node_modules\react-native\Libraries\Renderer\implementations\ReactFabric-dev.js)
  commitMutationEffectsOnFiber (node_modules\react-native\Libraries\Renderer\implementations\ReactFabric-dev.js)
  recursivelyTraverseMutationEffects (node_modules\react-native\Libraries\Renderer\implementations\ReactFabric-dev.js)
  commitMutationEffectsOnFiber (node_modules\react-native\Libraries\Renderer\implementations\ReactFabric-dev.js)
  recursivelyTraverseMutationEffects (node_modules\react-native\Libraries\Renderer\implementations\ReactFabric-dev.js)
  commitMutationEffectsOnFiber (node_modules\react-native\Libraries\Renderer\implementations\ReactFabric-dev.js)
  recursivelyTraverseMutationEffects (node_modules\react-native\Libraries\Renderer\implementations\ReactFabric-dev.js)
  commitMutationEffectsOnFiber (node_modules\react-native\Libraries\Renderer\implementations\ReactFabric-dev.js)
  recursivelyTraverseMutationEffects (node_modules\react-native\Libraries\Renderer\implementations\ReactFabric-dev.js)
  commitMutationEffectsOnFiber (node_modules\react-native\Libraries\Renderer\implementations\ReactFabric-dev.js)
  recursivelyTraverseMutationEffects (node_modules\react-native\Libraries\Renderer\implementations\ReactFabric-dev.js)
  commitMutationEffectsOnFiber (node_modules\react-native\Libraries\Renderer\implementations\ReactFabric-dev.js)
  recursivelyTraverseMutationEffects (node_modules\react-native\Libraries\Renderer\implementations\ReactFabric-dev.js)
  commitMutationEffectsOnFiber (node_modules\react-native\Libraries\Renderer\implementations\ReactFabric-dev.js)
  recursivelyTraverseMutationEffects (node_modules\react-native\Libraries\Renderer\implementations\ReactFabric-dev.js)
  commitMutationEffectsOnFiber (node_modules\react-native\Libraries\Renderer\implementations\ReactFabric-dev.js)
  recursivelyTraverseMutationEffects (node_modules\react-native\Libraries\Renderer\implementations\ReactFabric-dev.js)
  commitMutationEffectsOnFiber (node_modules\react-native\Libraries\Renderer\implementations\ReactFabric-dev.js)
  recursivelyTraverseMutationEffects (node_modules\react-native\Libraries\Renderer\implementations\ReactFabric-dev.js)
  commitMutationEffectsOnFiber (node_modules\react-native\Libraries\Renderer\implementations\ReactFabric-dev.js)
  recursivelyTraverseMutationEffects (node_modules\react-native\Libraries\Renderer\implementations\ReactFabric-dev.js)
  commitMutationEffectsOnFiber (node_modules\react-native\Libraries\Renderer\implementations\ReactFabric-dev.js)
  recursivelyTraverseMutationEffects (node_modules\react-native\Libraries\Renderer\implementations\ReactFabric-dev.js)
  commitMutationEffectsOnFiber (node_modules\react-native\Libraries\Renderer\implementations\ReactFabric-dev.js)
  recursivelyTraverseMutationEffects (node_modules\react-native\Libraries\Renderer\implementations\ReactFabric-dev.js)
  commitMutationEffectsOnFiber (node_modules\react-native\Libraries\Renderer\implementations\ReactFabric-dev.js)
  recursivelyTraverseMutationEffects (node_modules\react-native\Libraries\Renderer\implementations\ReactFabric-dev.js)
  commitMutationEffectsOnFiber (node_modules\react-native\Libraries\Renderer\implementations\ReactFabric-dev.js)
  recursivelyTraverseMutationEffects (node_modules\react-native\Libraries\Renderer\implementations\ReactFabric-dev.js)
  commitMutationEffectsOnFiber (node_modules\react-native\Libraries\Renderer\implementations\ReactFabric-dev.js)
  recursivelyTraverseMutationEffects (node_modules\react-native\Libraries\Renderer\implementations\ReactFabric-dev.js)
  commitMutationEffectsOnFiber (node_modules\react-native\Libraries\Renderer\implementations\ReactFabric-dev.js)
  recursivelyTraverseMutationEffects (node_modules\react-native\Libraries\Renderer\implementations\ReactFabric-dev.js)
  commitMutationEffectsOnFiber (node_modules\react-native\Libraries\Renderer\implementations\ReactFabric-dev.js)
  recursivelyTraverseMutationEffects (node_modules\react-native\Libraries\Renderer\implementations\ReactFabric-dev.js)
  commitMutationEffectsOnFiber (node_modules\react-native\Libraries\Renderer\implementations\ReactFabric-dev.js)
  recursivelyTraverseMutationEffects (node_modules\react-native\Libraries\Renderer\implementations\ReactFabric-dev.js)
  commitMutationEffectsOnFiber (node_modules\react-native\Libraries\Renderer\implementations\ReactFabric-dev.js)
  recursivelyTraverseMutationEffects (node_modules\react-native\Libraries\Renderer\implementations\ReactFabric-dev.js)
  commitMutationEffectsOnFiber (node_modules\react-native\Libraries\Renderer\implementations\ReactFabric-dev.js)
  recursivelyTraverseMutationEffects (node_modules\react-native\Libraries\Renderer\implementations\ReactFabric-dev.js)
  commitMutationEffectsOnFiber (node_modules\react-native\Libraries\Renderer\implementations\ReactFabric-dev.js)
  recursivelyTraverseMutationEffects (node_modules\react-native\Libraries\Renderer\implementations\ReactFabric-dev.js)
  commitMutationEffectsOnFiber (node_modules\react-native\Libraries\Renderer\implementations\ReactFabric-dev.js)
  recursivelyTraverseMutationEffects (node_modules\react-native\Libraries\Renderer\implementations\ReactFabric-dev.js)
  commitMutationEffectsOnFiber (node_modules\react-native\Libraries\Renderer\implementations\ReactFabric-dev.js)
  recursivelyTraverseMutationEffects (node_modules\react-native\Libraries\Renderer\implementations\ReactFabric-dev.js)
  commitMutationEffectsOnFiber (node_modules\react-native\Libraries\Renderer\implementations\ReactFabric-dev.js)
  recursivelyTraverseMutationEffects (node_modules\react-native\Libraries\Renderer\implementations\ReactFabric-dev.js)
  commitMutationEffectsOnFiber (node_modules\react-native\Libraries\Renderer\implementations\ReactFabric-dev.js)
  recursivelyTraverseMutationEffects (node_modules\react-native\Libraries\Renderer\implementations\ReactFabric-dev.js)
  commitMutationEffectsOnFiber (node_modules\react-native\Libraries\Renderer\implementations\ReactFabric-dev.js)
  recursivelyTraverseMutationEffects (node_modules\react-native\Libraries\Renderer\implementations\ReactFabric-dev.js)
  commitMutationEffectsOnFiber (node_modules\react-native\Libraries\Renderer\implementations\ReactFabric-dev.js)
  recursivelyTraverseMutationEffects (node_modules\react-native\Libraries\Renderer\implementations\ReactFabric-dev.js)
  commitMutationEffectsOnFiber (node_modules\react-native\Libraries\Renderer\implementations\ReactFabric-dev.js)
  recursivelyTraverseMutationEffects (node_modules\react-native\Libraries\Renderer\implementations\ReactFabric-dev.js)
  commitMutationEffectsOnFiber (node_modules\react-native\Libraries\Renderer\implementations\ReactFabric-dev.js)
  recursivelyTraverseMutationEffects (node_modules\react-native\Libraries\Renderer\implementations\ReactFabric-dev.js)
  commitMutationEffectsOnFiber (node_modules\react-native\Libraries\Renderer\implementations\ReactFabric-dev.js)
  recursivelyTraverseMutationEffects (node_modules\react-native\Libraries\Renderer\implementations\ReactFabric-dev.js)
  commitMutationEffectsOnFiber (node_modules\react-native\Libraries\Renderer\implementations\ReactFabric-dev.js)
  recursivelyTraverseMutationEffects (node_modules\react-native\Libraries\Renderer\implementations\ReactFabric-dev.js)
  commitMutationEffectsOnFiber (node_modules\react-native\Libraries\Renderer\implementations\ReactFabric-dev.js)
  recursivelyTraverseMutationEffects (node_modules\react-native\Libraries\Renderer\implementations\ReactFabric-dev.js)
  commitMutationEffectsOnFiber (node_modules\react-native\Libraries\Renderer\implementations\ReactFabric-dev.js)
  recursivelyTraverseMutationEffects (node_modules\react-native\Libraries\Renderer\implementations\ReactFabric-dev.js)
  commitMutationEffectsOnFiber (node_modules\react-native\Libraries\Renderer\implementations\ReactFabric-dev.js)
  recursivelyTraverseMutationEffects (node_modules\react-native\Libraries\Renderer\implementations\ReactFabric-dev.js)
  commitMutationEffectsOnFiber (node_modules\react-native\Libraries\Renderer\implementations\ReactFabric-dev.js)
  recursivelyTraverseMutationEffects (node_modules\react-native\Libraries\Renderer\implementations\ReactFabric-dev.js)
  commitMutationEffectsOnFiber (node_modules\react-native\Libraries\Renderer\implementations\ReactFabric-dev.js)
  flushMutationEffects (node_modules\react-native\Libraries\Renderer\implementations\ReactFabric-dev.js)
  commitRoot (node_modules\react-native\Libraries\Renderer\implementations\ReactFabric-dev.js)
  commitRootWhenReady (node_modules\react-native\Libraries\Renderer\implementations\ReactFabric-dev.js)
  performWorkOnRoot (node_modules\react-native\Libraries\Renderer\implementations\ReactFabric-dev.js)
  performSyncWorkOnRoot (node_modules\react-native\Libraries\Renderer\implementations\ReactFabric-dev.js)
  flushSyncWorkAcrossRoots_impl (node_modules\react-native\Libraries\Renderer\implementations\ReactFabric-dev.js)
  processRootScheduleInMicrotask (node_modules\react-native\Libraries\Renderer\implementations\ReactFabric-dev.js)
  scheduleMicrotask$argument_0 (node_modules\react-native\Libraries\Renderer\implementations\ReactFabric-dev.js) 

Call Stack
  call (<native>)
  apply (<native>)
  <anonymous> (node_modules\react-native-css-interop\dist\runtime\wrap-jsx.js)
  slides.map$argument_0 (app\onboarding.jsx)
  map (<native>)
  Onboarding (app\onboarding.jsx)
  call (<native>)
  apply (<native>)
  <anonymous> (node_modules\react-native-css-interop\dist\runtime\wrap-jsx.js)
  BaseRoute (node_modules\expo-router\build\useScreens.js)
  SceneView (node_modules\@react-navigation\core\lib\module\SceneView.js)
  render (node_modules\@react-navigation\core\lib\module\useDescriptors.js)
  routes.reduce$argument_0 (node_modules\@react-navigation\core\lib\module\useDescriptors.js)
  reduce (<native>)
  useDescriptors (node_modules\@react-navigation\core\lib\module\useDescriptors.js)
  useNavigationBuilder (node_modules\@react-navigation\core\lib\module\useNavigationBuilder.js)
  NativeStackNavigator (node_modules\expo-router\build\fork\native-stack\createNativeStackNavigator.js)
  call (<native>)
  apply (<native>)
  <anonymous> (node_modules\react-native-css-interop\dist\runtime\wrap-jsx.js)
  <anonymous> (node_modules\expo-router\build\layouts\withLayoutContext.js)
  call (<native>)
  apply (<native>)
  <anonymous> (node_modules\react-native-css-interop\dist\runtime\wrap-jsx.js)
  Object.assign$argument_0 (node_modules\expo-router\build\layouts\StackClient.js)
  call (<native>)
  apply (<native>)
  <anonymous> (node_modules\react-native-css-interop\dist\runtime\wrap-jsx.js)
  RootLayout (app\_layout.jsx)
  call (<native>)
  apply (<native>)
  <anonymous> (node_modules\react-native-css-interop\dist\runtime\wrap-jsx.js)
  BaseRoute (node_modules\expo-router\build\useScreens.js)
  SceneView (node_modules\@react-navigation\core\lib\module\SceneView.js)
  render (node_modules\@react-navigation\core\lib\module\useDescriptors.js)
  routes.reduce$argument_0 (node_modules\@react-navigation\core\lib\module\useDescriptors.js)
  reduce (<native>)
  useDescriptors (node_modules\@react-navigation\core\lib\module\useDescriptors.js)
  useNavigationBuilder (node_modules\@react-navigation\core\lib\module\useNavigationBuilder.js)
  Content (node_modules\expo-router\build\ExpoRoot.js)
  call (<native>)
  apply (<native>)
  <anonymous> (node_modules\react-native-css-interop\dist\runtime\wrap-jsx.js)
  ContextNavigator (node_modules\expo-router\build\ExpoRoot.js)
  call (<native>)
  apply (<native>)
  <anonymous> (node_modules\react-native-css-interop\dist\runtime\wrap-jsx.js)
  ExpoRoot (node_modules\expo-router\build\ExpoRoot.js)
  call (<native>)
  apply (<native>)
  <anonymous> (node_modules\react-native-css-interop\dist\runtime\wrap-jsx.js)
  App (node_modules\expo-router\build\qualified-entry.js)
  call (<native>)
  apply (<native>)
  <anonymous> (node_modules\react-native-css-interop\dist\runtime\wrap-jsx.js)
  WithDevTools (node_modules\expo\src\launch\withDevTools.tsx)
 ERROR  Style property 'width' is not supported by native animated module 

Call Stack
  construct (<native>)
  apply (<native>)
  _construct (node_modules\@babel\runtime\helpers\construct.js)
  Wrapper (node_modules\@babel\runtime\helpers\wrapNativeSuper.js)
  construct (<native>)
  _callSuper (node_modules\@babel\runtime\helpers\callSuper.js)
  NamelessError (node_modules\@expo\metro-runtime\src\metroServerLogs.native.ts)
  captureCurrentStack (node_modules\@expo\metro-runtime\src\metroServerLogs.native.ts)
  HMRClient.log (node_modules\@expo\metro-runtime\src\metroServerLogs.native.ts)
  console.level (node_modules\react-native\Libraries\Core\setUpDeveloperTools.js)
  validateStyles (node_modules\react-native\src\private\animated\NativeAnimatedValidation.js)
  __getNativeConfig (node_modules\react-native\Libraries\Animated\nodes\AnimatedStyle.js)
  __getNativeTag (node_modules\react-native\Libraries\Animated\nodes\AnimatedNode.js)
  __addChild (node_modules\react-native\Libraries\Animated\nodes\AnimatedWithChildren.js)
  __attach (node_modules\react-native\Libraries\Animated\nodes\AnimatedStyle.js)
  __addChild (node_modules\react-native\Libraries\Animated\nodes\AnimatedWithChildren.js)
  __attach (node_modules\react-native\Libraries\Animated\nodes\AnimatedProps.js)
  useInsertionEffect$argument_0 (node_modules\react-native\src\private\animated\createAnimatedPropsHook.js)
  callCreate.reactStackBottomFrame (node_modules\react-native\Libraries\Renderer\implementations\ReactFabric-dev.js)
  runWithFiberInDEV (node_modules\react-native\Libraries\Renderer\implementations\ReactFabric-dev.js)
  commitHookEffectListMount (node_modules\react-native\Libraries\Renderer\implementations\ReactFabric-dev.js)
  commitMutationEffectsOnFiber (node_modules\react-native\Libraries\Renderer\implementations\ReactFabric-dev.js)
  recursivelyTraverseMutationEffects (node_modules\react-native\Libraries\Renderer\implementations\ReactFabric-dev.js)
  commitMutationEffectsOnFiber (node_modules\react-native\Libraries\Renderer\implementations\ReactFabric-dev.js)
  recursivelyTraverseMutationEffects (node_modules\react-native\Libraries\Renderer\implementations\ReactFabric-dev.js)
  commitMutationEffectsOnFiber (node_modules\react-native\Libraries\Renderer\implementations\ReactFabric-dev.js)
  recursivelyTraverseMutationEffects (node_modules\react-native\Libraries\Renderer\implementations\ReactFabric-dev.js)
  commitMutationEffectsOnFiber (node_modules\react-native\Libraries\Renderer\implementations\ReactFabric-dev.js)
  recursivelyTraverseMutationEffects (node_modules\react-native\Libraries\Renderer\implementations\ReactFabric-dev.js)
  commitMutationEffectsOnFiber (node_modules\react-native\Libraries\Renderer\implementations\ReactFabric-dev.js)
  recursivelyTraverseMutationEffects (node_modules\react-native\Libraries\Renderer\implementations\ReactFabric-dev.js)
  commitMutationEffectsOnFiber (node_modules\react-native\Libraries\Renderer\implementations\ReactFabric-dev.js)
  recursivelyTraverseMutationEffects (node_modules\react-native\Libraries\Renderer\implementations\ReactFabric-dev.js)
  commitMutationEffectsOnFiber (node_modules\react-native\Libraries\Renderer\implementations\ReactFabric-dev.js)
  recursivelyTraverseMutationEffects (node_modules\react-native\Libraries\Renderer\implementations\ReactFabric-dev.js)
  commitMutationEffectsOnFiber (node_modules\react-native\Libraries\Renderer\implementations\ReactFabric-dev.js)
  recursivelyTraverseMutationEffects (node_modules\react-native\Libraries\Renderer\implementations\ReactFabric-dev.js)
  commitMutationEffectsOnFiber (node_modules\react-native\Libraries\Renderer\implementations\ReactFabric-dev.js)
  recursivelyTraverseMutationEffects (node_modules\react-native\Libraries\Renderer\implementations\ReactFabric-dev.js)
  commitMutationEffectsOnFiber (node_modules\react-native\Libraries\Renderer\implementations\ReactFabric-dev.js)
  recursivelyTraverseMutationEffects (node_modules\react-native\Libraries\Renderer\implementations\ReactFabric-dev.js)
  commitMutationEffectsOnFiber (node_modules\react-native\Libraries\Renderer\implementations\ReactFabric-dev.js)
  recursivelyTraverseMutationEffects (node_modules\react-native\Libraries\Renderer\implementations\ReactFabric-dev.js)
  commitMutationEffectsOnFiber (node_modules\react-native\Libraries\Renderer\implementations\ReactFabric-dev.js)
  recursivelyTraverseMutationEffects (node_modules\react-native\Libraries\Renderer\implementations\ReactFabric-dev.js)
  commitMutationEffectsOnFiber (node_modules\react-native\Libraries\Renderer\implementations\ReactFabric-dev.js)
  recursivelyTraverseMutationEffects (node_modules\react-native\Libraries\Renderer\implementations\ReactFabric-dev.js)
  commitMutationEffectsOnFiber (node_modules\react-native\Libraries\Renderer\implementations\ReactFabric-dev.js)
  recursivelyTraverseMutationEffects (node_modules\react-native\Libraries\Renderer\implementations\ReactFabric-dev.js)
  commitMutationEffectsOnFiber (node_modules\react-native\Libraries\Renderer\implementations\ReactFabric-dev.js)
  recursivelyTraverseMutationEffects (node_modules\react-native\Libraries\Renderer\implementations\ReactFabric-dev.js)
  commitMutationEffectsOnFiber (node_modules\react-native\Libraries\Renderer\implementations\ReactFabric-dev.js)
  recursivelyTraverseMutationEffects (node_modules\react-native\Libraries\Renderer\implementations\ReactFabric-dev.js)
  commitMutationEffectsOnFiber (node_modules\react-native\Libraries\Renderer\implementations\ReactFabric-dev.js)
  recursivelyTraverseMutationEffects (node_modules\react-native\Libraries\Renderer\implementations\ReactFabric-dev.js)
  commitMutationEffectsOnFiber (node_modules\react-native\Libraries\Renderer\implementations\ReactFabric-dev.js)
  recursivelyTraverseMutationEffects (node_modules\react-native\Libraries\Renderer\implementations\ReactFabric-dev.js)
  commitMutationEffectsOnFiber (node_modules\react-native\Libraries\Renderer\implementations\ReactFabric-dev.js)
  recursivelyTraverseMutationEffects (node_modules\react-native\Libraries\Renderer\implementations\ReactFabric-dev.js)
  commitMutationEffectsOnFiber (node_modules\react-native\Libraries\Renderer\implementations\ReactFabric-dev.js)
  recursivelyTraverseMutationEffects (node_modules\react-native\Libraries\Renderer\implementations\ReactFabric-dev.js)
  commitMutationEffectsOnFiber (node_modules\react-native\Libraries\Renderer\implementations\ReactFabric-dev.js)
  recursivelyTraverseMutationEffects (node_modules\react-native\Libraries\Renderer\implementations\ReactFabric-dev.js)
  commitMutationEffectsOnFiber (node_modules\react-native\Libraries\Renderer\implementations\ReactFabric-dev.js)
  recursivelyTraverseMutationEffects (node_modules\react-native\Libraries\Renderer\implementations\ReactFabric-dev.js)
  commitMutationEffectsOnFiber (node_modules\react-native\Libraries\Renderer\implementations\ReactFabric-dev.js)
  recursivelyTraverseMutationEffects (node_modules\react-native\Libraries\Renderer\implementations\ReactFabric-dev.js)
  commitMutationEffectsOnFiber (node_modules\react-native\Libraries\Renderer\implementations\ReactFabric-dev.js)
  recursivelyTraverseMutationEffects (node_modules\react-native\Libraries\Renderer\implementations\ReactFabric-dev.js)
  commitMutationEffectsOnFiber (node_modules\react-native\Libraries\Renderer\implementations\ReactFabric-dev.js)
  recursivelyTraverseMutationEffects (node_modules\react-native\Libraries\Renderer\implementations\ReactFabric-dev.js)
  commitMutationEffectsOnFiber (node_modules\react-native\Libraries\Renderer\implementations\ReactFabric-dev.js)
  recursivelyTraverseMutationEffects (node_modules\react-native\Libraries\Renderer\implementations\ReactFabric-dev.js)
  commitMutationEffectsOnFiber (node_modules\react-native\Libraries\Renderer\implementations\ReactFabric-dev.js)
  recursivelyTraverseMutationEffects (node_modules\react-native\Libraries\Renderer\implementations\ReactFabric-dev.js)
  commitMutationEffectsOnFiber (node_modules\react-native\Libraries\Renderer\implementations\ReactFabric-dev.js)
  recursivelyTraverseMutationEffects (node_modules\react-native\Libraries\Renderer\implementations\ReactFabric-dev.js)
  commitMutationEffectsOnFiber (node_modules\react-native\Libraries\Renderer\implementations\ReactFabric-dev.js)
  recursivelyTraverseMutationEffects (node_modules\react-native\Libraries\Renderer\implementations\ReactFabric-dev.js)
  commitMutationEffectsOnFiber (node_modules\react-native\Libraries\Renderer\implementations\ReactFabric-dev.js)
  recursivelyTraverseMutationEffects (node_modules\react-native\Libraries\Renderer\implementations\ReactFabric-dev.js)
  commitMutationEffectsOnFiber (node_modules\react-native\Libraries\Renderer\implementations\ReactFabric-dev.js)
  recursivelyTraverseMutationEffects (node_modules\react-native\Libraries\Renderer\implementations\ReactFabric-dev.js)
  commitMutationEffectsOnFiber (node_modules\react-native\Libraries\Renderer\implementations\ReactFabric-dev.js)
  recursivelyTraverseMutationEffects (node_modules\react-native\Libraries\Renderer\implementations\ReactFabric-dev.js)
  commitMutationEffectsOnFiber (node_modules\react-native\Libraries\Renderer\implementations\ReactFabric-dev.js)
  recursivelyTraverseMutationEffects (node_modules\react-native\Libraries\Renderer\implementations\ReactFabric-dev.js)
  commitMutationEffectsOnFiber (node_modules\react-native\Libraries\Renderer\implementations\ReactFabric-dev.js)
  recursivelyTraverseMutationEffects (node_modules\react-native\Libraries\Renderer\implementations\ReactFabric-dev.js)
  commitMutationEffectsOnFiber (node_modules\react-native\Libraries\Renderer\implementations\ReactFabric-dev.js)
  recursivelyTraverseMutationEffects (node_modules\react-native\Libraries\Renderer\implementations\ReactFabric-dev.js)
  commitMutationEffectsOnFiber (node_modules\react-native\Libraries\Renderer\implementations\ReactFabric-dev.js)
  flushMutationEffects (node_modules\react-native\Libraries\Renderer\implementations\ReactFabric-dev.js)
  commitRoot (node_modules\react-native\Libraries\Renderer\implementations\ReactFabric-dev.js)
  commitRootWhenReady (node_modules\react-native\Libraries\Renderer\implementations\ReactFabric-dev.js)
  performWorkOnRoot (node_modules\react-native\Libraries\Renderer\implementations\ReactFabric-dev.js)
  performSyncWorkOnRoot (node_modules\react-native\Libraries\Renderer\implementations\ReactFabric-dev.js)
  flushSyncWorkAcrossRoots_impl (node_modules\react-native\Libraries\Renderer\implementations\ReactFabric-dev.js)
  processRootScheduleInMicrotask (node_modules\react-native\Libraries\Renderer\implementations\ReactFabric-dev.js)
  scheduleMicrotask$argument_0 (node_modules\react-native\Libraries\Renderer\implementations\ReactFabric-dev.js) 

Call Stack
  call (<native>)
  apply (<native>)
  <anonymous> (node_modules\react-native-css-interop\dist\runtime\wrap-jsx.js)
  slides.map$argument_0 (app\onboarding.jsx)
  map (<native>)
  Onboarding (app\onboarding.jsx)
  call (<native>)
  apply (<native>)
  <anonymous> (node_modules\react-native-css-interop\dist\runtime\wrap-jsx.js)
  BaseRoute (node_modules\expo-router\build\useScreens.js)
  SceneView (node_modules\@react-navigation\core\lib\module\SceneView.js)
  render (node_modules\@react-navigation\core\lib\module\useDescriptors.js)
  routes.reduce$argument_0 (node_modules\@react-navigation\core\lib\module\useDescriptors.js)
  reduce (<native>)
  useDescriptors (node_modules\@react-navigation\core\lib\module\useDescriptors.js)
  useNavigationBuilder (node_modules\@react-navigation\core\lib\module\useNavigationBuilder.js)
  NativeStackNavigator (node_modules\expo-router\build\fork\native-stack\createNativeStackNavigator.js)
  call (<native>)
  apply (<native>)
  <anonymous> (node_modules\react-native-css-interop\dist\runtime\wrap-jsx.js)
  <anonymous> (node_modules\expo-router\build\layouts\withLayoutContext.js)
  call (<native>)
  apply (<native>)
  <anonymous> (node_modules\react-native-css-interop\dist\runtime\wrap-jsx.js)
  Object.assign$argument_0 (node_modules\expo-router\build\layouts\StackClient.js)
  call (<native>)
  apply (<native>)
  <anonymous> (node_modules\react-native-css-interop\dist\runtime\wrap-jsx.js)
  RootLayout (app\_layout.jsx)
  call (<native>)
  apply (<native>)
  <anonymous> (node_modules\react-native-css-interop\dist\runtime\wrap-jsx.js)
  BaseRoute (node_modules\expo-router\build\useScreens.js)
  SceneView (node_modules\@react-navigation\core\lib\module\SceneView.js)
  render (node_modules\@react-navigation\core\lib\module\useDescriptors.js)
  routes.reduce$argument_0 (node_modules\@react-navigation\core\lib\module\useDescriptors.js)
  reduce (<native>)
  useDescriptors (node_modules\@react-navigation\core\lib\module\useDescriptors.js)
  useNavigationBuilder (node_modules\@react-navigation\core\lib\module\useNavigationBuilder.js)
  Content (node_modules\expo-router\build\ExpoRoot.js)
  call (<native>)
  apply (<native>)
  <anonymous> (node_modules\react-native-css-interop\dist\runtime\wrap-jsx.js)
  ContextNavigator (node_modules\expo-router\build\ExpoRoot.js)
  call (<native>)
  apply (<native>)
  <anonymous> (node_modules\react-native-css-interop\dist\runtime\wrap-jsx.js)
  ExpoRoot (node_modules\expo-router\build\ExpoRoot.js)
  call (<native>)
  apply (<native>)
  <anonymous> (node_modules\react-native-css-interop\dist\runtime\wrap-jsx.js)
  App (node_modules\expo-router\build\qualified-entry.js)
  call (<native>)
  apply (<native>)
  <anonymous> (node_modules\react-native-css-interop\dist\runtime\wrap-jsx.js)
  WithDevTools (node_modules\expo\src\launch\withDevTools.tsx)
 ERROR  Style property 'width' is not supported by native animated module 

Call Stack
  construct (<native>)
  apply (<native>)
  _construct (node_modules\@babel\runtime\helpers\construct.js)
  Wrapper (node_modules\@babel\runtime\helpers\wrapNativeSuper.js)
  construct (<native>)
  _callSuper (node_modules\@babel\runtime\helpers\callSuper.js)
  NamelessError (node_modules\@expo\metro-runtime\src\metroServerLogs.native.ts)
  captureCurrentStack (node_modules\@expo\metro-runtime\src\metroServerLogs.native.ts)
  HMRClient.log (node_modules\@expo\metro-runtime\src\metroServerLogs.native.ts)
  console.level (node_modules\react-native\Libraries\Core\setUpDeveloperTools.js)
  validateStyles (node_modules\react-native\src\private\animated\NativeAnimatedValidation.js)
  __getNativeConfig (node_modules\react-native\Libraries\Animated\nodes\AnimatedStyle.js)
  __getNativeTag (node_modules\react-native\Libraries\Animated\nodes\AnimatedNode.js)
  __addChild (node_modules\react-native\Libraries\Animated\nodes\AnimatedWithChildren.js)
  __attach (node_modules\react-native\Libraries\Animated\nodes\AnimatedStyle.js)
  __addChild (node_modules\react-native\Libraries\Animated\nodes\AnimatedWithChildren.js)
  __attach (node_modules\react-native\Libraries\Animated\nodes\AnimatedProps.js)
  useInsertionEffect$argument_0 (node_modules\react-native\src\private\animated\createAnimatedPropsHook.js)
  callCreate.reactStackBottomFrame (node_modules\react-native\Libraries\Renderer\implementations\ReactFabric-dev.js)
  runWithFiberInDEV (node_modules\react-native\Libraries\Renderer\implementations\ReactFabric-dev.js)
  commitHookEffectListMount (node_modules\react-native\Libraries\Renderer\implementations\ReactFabric-dev.js)
  commitMutationEffectsOnFiber (node_modules\react-native\Libraries\Renderer\implementations\ReactFabric-dev.js)
  recursivelyTraverseMutationEffects (node_modules\react-native\Libraries\Renderer\implementations\ReactFabric-dev.js)
  commitMutationEffectsOnFiber (node_modules\react-native\Libraries\Renderer\implementations\ReactFabric-dev.js)
  recursivelyTraverseMutationEffects (node_modules\react-native\Libraries\Renderer\implementations\ReactFabric-dev.js)
  commitMutationEffectsOnFiber (node_modules\react-native\Libraries\Renderer\implementations\ReactFabric-dev.js)
  recursivelyTraverseMutationEffects (node_modules\react-native\Libraries\Renderer\implementations\ReactFabric-dev.js)
  commitMutationEffectsOnFiber (node_modules\react-native\Libraries\Renderer\implementations\ReactFabric-dev.js)
  recursivelyTraverseMutationEffects (node_modules\react-native\Libraries\Renderer\implementations\ReactFabric-dev.js)
  commitMutationEffectsOnFiber (node_modules\react-native\Libraries\Renderer\implementations\ReactFabric-dev.js)
  recursivelyTraverseMutationEffects (node_modules\react-native\Libraries\Renderer\implementations\ReactFabric-dev.js)
  commitMutationEffectsOnFiber (node_modules\react-native\Libraries\Renderer\implementations\ReactFabric-dev.js)
  recursivelyTraverseMutationEffects (node_modules\react-native\Libraries\Renderer\implementations\ReactFabric-dev.js)
  commitMutationEffectsOnFiber (node_modules\react-native\Libraries\Renderer\implementations\ReactFabric-dev.js)
  recursivelyTraverseMutationEffects (node_modules\react-native\Libraries\Renderer\implementations\ReactFabric-dev.js)
  commitMutationEffectsOnFiber (node_modules\react-native\Libraries\Renderer\implementations\ReactFabric-dev.js)
  recursivelyTraverseMutationEffects (node_modules\react-native\Libraries\Renderer\implementations\ReactFabric-dev.js)
  commitMutationEffectsOnFiber (node_modules\react-native\Libraries\Renderer\implementations\ReactFabric-dev.js)
  recursivelyTraverseMutationEffects (node_modules\react-native\Libraries\Renderer\implementations\ReactFabric-dev.js)
  commitMutationEffectsOnFiber (node_modules\react-native\Libraries\Renderer\implementations\ReactFabric-dev.js)
  recursivelyTraverseMutationEffects (node_modules\react-native\Libraries\Renderer\implementations\ReactFabric-dev.js)
  commitMutationEffectsOnFiber (node_modules\react-native\Libraries\Renderer\implementations\ReactFabric-dev.js)
  recursivelyTraverseMutationEffects (node_modules\react-native\Libraries\Renderer\implementations\ReactFabric-dev.js)
  commitMutationEffectsOnFiber (node_modules\react-native\Libraries\Renderer\implementations\ReactFabric-dev.js)
  recursivelyTraverseMutationEffects (node_modules\react-native\Libraries\Renderer\implementations\ReactFabric-dev.js)
  commitMutationEffectsOnFiber (node_modules\react-native\Libraries\Renderer\implementations\ReactFabric-dev.js)
  recursivelyTraverseMutationEffects (node_modules\react-native\Libraries\Renderer\implementations\ReactFabric-dev.js)
  commitMutationEffectsOnFiber (node_modules\react-native\Libraries\Renderer\implementations\ReactFabric-dev.js)
  recursivelyTraverseMutationEffects (node_modules\react-native\Libraries\Renderer\implementations\ReactFabric-dev.js)
  commitMutationEffectsOnFiber (node_modules\react-native\Libraries\Renderer\implementations\ReactFabric-dev.js)
  recursivelyTraverseMutationEffects (node_modules\react-native\Libraries\Renderer\implementations\ReactFabric-dev.js)
  commitMutationEffectsOnFiber (node_modules\react-native\Libraries\Renderer\implementations\ReactFabric-dev.js)
  recursivelyTraverseMutationEffects (node_modules\react-native\Libraries\Renderer\implementations\ReactFabric-dev.js)
  commitMutationEffectsOnFiber (node_modules\react-native\Libraries\Renderer\implementations\ReactFabric-dev.js)
  recursivelyTraverseMutationEffects (node_modules\react-native\Libraries\Renderer\implementations\ReactFabric-dev.js)
  commitMutationEffectsOnFiber (node_modules\react-native\Libraries\Renderer\implementations\ReactFabric-dev.js)
  recursivelyTraverseMutationEffects (node_modules\react-native\Libraries\Renderer\implementations\ReactFabric-dev.js)
  commitMutationEffectsOnFiber (node_modules\react-native\Libraries\Renderer\implementations\ReactFabric-dev.js)
  recursivelyTraverseMutationEffects (node_modules\react-native\Libraries\Renderer\implementations\ReactFabric-dev.js)
  commitMutationEffectsOnFiber (node_modules\react-native\Libraries\Renderer\implementations\ReactFabric-dev.js)
  recursivelyTraverseMutationEffects (node_modules\react-native\Libraries\Renderer\implementations\ReactFabric-dev.js)
  commitMutationEffectsOnFiber (node_modules\react-native\Libraries\Renderer\implementations\ReactFabric-dev.js)
  recursivelyTraverseMutationEffects (node_modules\react-native\Libraries\Renderer\implementations\ReactFabric-dev.js)
  commitMutationEffectsOnFiber (node_modules\react-native\Libraries\Renderer\implementations\ReactFabric-dev.js)
  recursivelyTraverseMutationEffects (node_modules\react-native\Libraries\Renderer\implementations\ReactFabric-dev.js)
  commitMutationEffectsOnFiber (node_modules\react-native\Libraries\Renderer\implementations\ReactFabric-dev.js)
  recursivelyTraverseMutationEffects (node_modules\react-native\Libraries\Renderer\implementations\ReactFabric-dev.js)
  commitMutationEffectsOnFiber (node_modules\react-native\Libraries\Renderer\implementations\ReactFabric-dev.js)
  recursivelyTraverseMutationEffects (node_modules\react-native\Libraries\Renderer\implementations\ReactFabric-dev.js)
  commitMutationEffectsOnFiber (node_modules\react-native\Libraries\Renderer\implementations\ReactFabric-dev.js)
  recursivelyTraverseMutationEffects (node_modules\react-native\Libraries\Renderer\implementations\ReactFabric-dev.js)
  commitMutationEffectsOnFiber (node_modules\react-native\Libraries\Renderer\implementations\ReactFabric-dev.js)
  recursivelyTraverseMutationEffects (node_modules\react-native\Libraries\Renderer\implementations\ReactFabric-dev.js)
  commitMutationEffectsOnFiber (node_modules\react-native\Libraries\Renderer\implementations\ReactFabric-dev.js)
  recursivelyTraverseMutationEffects (node_modules\react-native\Libraries\Renderer\implementations\ReactFabric-dev.js)
  commitMutationEffectsOnFiber (node_modules\react-native\Libraries\Renderer\implementations\ReactFabric-dev.js)
  recursivelyTraverseMutationEffects (node_modules\react-native\Libraries\Renderer\implementations\ReactFabric-dev.js)
  commitMutationEffectsOnFiber (node_modules\react-native\Libraries\Renderer\implementations\ReactFabric-dev.js)
  recursivelyTraverseMutationEffects (node_modules\react-native\Libraries\Renderer\implementations\ReactFabric-dev.js)
  commitMutationEffectsOnFiber (node_modules\react-native\Libraries\Renderer\implementations\ReactFabric-dev.js)
  recursivelyTraverseMutationEffects (node_modules\react-native\Libraries\Renderer\implementations\ReactFabric-dev.js)
  commitMutationEffectsOnFiber (node_modules\react-native\Libraries\Renderer\implementations\ReactFabric-dev.js)
  recursivelyTraverseMutationEffects (node_modules\react-native\Libraries\Renderer\implementations\ReactFabric-dev.js)
  commitMutationEffectsOnFiber (node_modules\react-native\Libraries\Renderer\implementations\ReactFabric-dev.js)
  recursivelyTraverseMutationEffects (node_modules\react-native\Libraries\Renderer\implementations\ReactFabric-dev.js)
  commitMutationEffectsOnFiber (node_modules\react-native\Libraries\Renderer\implementations\ReactFabric-dev.js)
  recursivelyTraverseMutationEffects (node_modules\react-native\Libraries\Renderer\implementations\ReactFabric-dev.js)
  commitMutationEffectsOnFiber (node_modules\react-native\Libraries\Renderer\implementations\ReactFabric-dev.js)
  recursivelyTraverseMutationEffects (node_modules\react-native\Libraries\Renderer\implementations\ReactFabric-dev.js)
  commitMutationEffectsOnFiber (node_modules\react-native\Libraries\Renderer\implementations\ReactFabric-dev.js)
  recursivelyTraverseMutationEffects (node_modules\react-native\Libraries\Renderer\implementations\ReactFabric-dev.js)
  commitMutationEffectsOnFiber (node_modules\react-native\Libraries\Renderer\implementations\ReactFabric-dev.js)
  flushMutationEffects (node_modules\react-native\Libraries\Renderer\implementations\ReactFabric-dev.js)
  commitRoot (node_modules\react-native\Libraries\Renderer\implementations\ReactFabric-dev.js)
  commitRootWhenReady (node_modules\react-native\Libraries\Renderer\implementations\ReactFabric-dev.js)
  performWorkOnRoot (node_modules\react-native\Libraries\Renderer\implementations\ReactFabric-dev.js)
  performSyncWorkOnRoot (node_modules\react-native\Libraries\Renderer\implementations\ReactFabric-dev.js)
  flushSyncWorkAcrossRoots_impl (node_modules\react-native\Libraries\Renderer\implementations\ReactFabric-dev.js)
  processRootScheduleInMicrotask (node_modules\react-native\Libraries\Renderer\implementations\ReactFabric-dev.js)
  scheduleMicrotask$argument_0 (node_modules\react-native\Libraries\Renderer\implementations\ReactFabric-dev.js) 

Call Stack
  call (<native>)
  apply (<native>)
  <anonymous> (node_modules\react-native-css-interop\dist\runtime\wrap-jsx.js)
  slides.map$argument_0 (app\onboarding.jsx)
  map (<native>)
  Onboarding (app\onboarding.jsx)
  call (<native>)
  apply (<native>)
  <anonymous> (node_modules\react-native-css-interop\dist\runtime\wrap-jsx.js)
  BaseRoute (node_modules\expo-router\build\useScreens.js)
  SceneView (node_modules\@react-navigation\core\lib\module\SceneView.js)
  render (node_modules\@react-navigation\core\lib\module\useDescriptors.js)
  routes.reduce$argument_0 (node_modules\@react-navigation\core\lib\module\useDescriptors.js)
  reduce (<native>)
  useDescriptors (node_modules\@react-navigation\core\lib\module\useDescriptors.js)
  useNavigationBuilder (node_modules\@react-navigation\core\lib\module\useNavigationBuilder.js)
  NativeStackNavigator (node_modules\expo-router\build\fork\native-stack\createNativeStackNavigator.js)
  call (<native>)
  apply (<native>)
  <anonymous> (node_modules\react-native-css-interop\dist\runtime\wrap-jsx.js)
  <anonymous> (node_modules\expo-router\build\layouts\withLayoutContext.js)
  call (<native>)
  apply (<native>)
  <anonymous> (node_modules\react-native-css-interop\dist\runtime\wrap-jsx.js)
  Object.assign$argument_0 (node_modules\expo-router\build\layouts\StackClient.js)
  call (<native>)
  apply (<native>)
  <anonymous> (node_modules\react-native-css-interop\dist\runtime\wrap-jsx.js)
  RootLayout (app\_layout.jsx)
  call (<native>)
  apply (<native>)
  <anonymous> (node_modules\react-native-css-interop\dist\runtime\wrap-jsx.js)
  BaseRoute (node_modules\expo-router\build\useScreens.js)
  SceneView (node_modules\@react-navigation\core\lib\module\SceneView.js)
  render (node_modules\@react-navigation\core\lib\module\useDescriptors.js)
  routes.reduce$argument_0 (node_modules\@react-navigation\core\lib\module\useDescriptors.js)
  reduce (<native>)
  useDescriptors (node_modules\@react-navigation\core\lib\module\useDescriptors.js)
  useNavigationBuilder (node_modules\@react-navigation\core\lib\module\useNavigationBuilder.js)
  Content (node_modules\expo-router\build\ExpoRoot.js)
  call (<native>)
  apply (<native>)
  <anonymous> (node_modules\react-native-css-interop\dist\runtime\wrap-jsx.js)
  ContextNavigator (node_modules\expo-router\build\ExpoRoot.js)
  call (<native>)
  apply (<native>)
  <anonymous> (node_modules\react-native-css-interop\dist\runtime\wrap-jsx.js)
  ExpoRoot (node_modules\expo-router\build\ExpoRoot.js)
  call (<native>)
  apply (<native>)
  <anonymous> (node_modules\react-native-css-interop\dist\runtime\wrap-jsx.js)
  App (node_modules\expo-router\build\qualified-entry.js)
  call (<native>)
  apply (<native>)
  <anonymous> (node_modules\react-native-css-interop\dist\runtime\wrap-jsx.js)
  WithDevTools (node_modules\expo\src\launch\withDevTools.tsx)
 ERROR  Style property 'width' is not supported by native animated module 

Call Stack
  construct (<native>)
  apply (<native>)
  _construct (node_modules\@babel\runtime\helpers\construct.js)
  Wrapper (node_modules\@babel\runtime\helpers\wrapNativeSuper.js)
  construct (<native>)
  _callSuper (node_modules\@babel\runtime\helpers\callSuper.js)
  NamelessError (node_modules\@expo\metro-runtime\src\metroServerLogs.native.ts)
  captureCurrentStack (node_modules\@expo\metro-runtime\src\metroServerLogs.native.ts)
  HMRClient.log (node_modules\@expo\metro-runtime\src\metroServerLogs.native.ts)
  console.level (node_modules\react-native\Libraries\Core\setUpDeveloperTools.js)
  validateStyles (node_modules\react-native\src\private\animated\NativeAnimatedValidation.js)
  __getNativeConfig (node_modules\react-native\Libraries\Animated\nodes\AnimatedStyle.js)
  __getNativeTag (node_modules\react-native\Libraries\Animated\nodes\AnimatedNode.js)
  __addChild (node_modules\react-native\Libraries\Animated\nodes\AnimatedWithChildren.js)
  __attach (node_modules\react-native\Libraries\Animated\nodes\AnimatedStyle.js)
  __addChild (node_modules\react-native\Libraries\Animated\nodes\AnimatedWithChildren.js)
  __attach (node_modules\react-native\Libraries\Animated\nodes\AnimatedProps.js)
  useInsertionEffect$argument_0 (node_modules\react-native\src\private\animated\createAnimatedPropsHook.js)
  callCreate.reactStackBottomFrame (node_modules\react-native\Libraries\Renderer\implementations\ReactFabric-dev.js)
  runWithFiberInDEV (node_modules\react-native\Libraries\Renderer\implementations\ReactFabric-dev.js)
  commitHookEffectListMount (node_modules\react-native\Libraries\Renderer\implementations\ReactFabric-dev.js)
  commitMutationEffectsOnFiber (node_modules\react-native\Libraries\Renderer\implementations\ReactFabric-dev.js)
  recursivelyTraverseMutationEffects (node_modules\react-native\Libraries\Renderer\implementations\ReactFabric-dev.js)
  commitMutationEffectsOnFiber (node_modules\react-native\Libraries\Renderer\implementations\ReactFabric-dev.js)
  recursivelyTraverseMutationEffects (node_modules\react-native\Libraries\Renderer\implementations\ReactFabric-dev.js)
  commitMutationEffectsOnFiber (node_modules\react-native\Libraries\Renderer\implementations\ReactFabric-dev.js)
  recursivelyTraverseMutationEffects (node_modules\react-native\Libraries\Renderer\implementations\ReactFabric-dev.js)
  commitMutationEffectsOnFiber (node_modules\react-native\Libraries\Renderer\implementations\ReactFabric-dev.js)
  recursivelyTraverseMutationEffects (node_modules\react-native\Libraries\Renderer\implementations\ReactFabric-dev.js)
  commitMutationEffectsOnFiber (node_modules\react-native\Libraries\Renderer\implementations\ReactFabric-dev.js)
  recursivelyTraverseMutationEffects (node_modules\react-native\Libraries\Renderer\implementations\ReactFabric-dev.js)
  commitMutationEffectsOnFiber (node_modules\react-native\Libraries\Renderer\implementations\ReactFabric-dev.js)
  recursivelyTraverseMutationEffects (node_modules\react-native\Libraries\Renderer\implementations\ReactFabric-dev.js)
  commitMutationEffectsOnFiber (node_modules\react-native\Libraries\Renderer\implementations\ReactFabric-dev.js)
  recursivelyTraverseMutationEffects (node_modules\react-native\Libraries\Renderer\implementations\ReactFabric-dev.js)
  commitMutationEffectsOnFiber (node_modules\react-native\Libraries\Renderer\implementations\ReactFabric-dev.js)
  recursivelyTraverseMutationEffects (node_modules\react-native\Libraries\Renderer\implementations\ReactFabric-dev.js)
  commitMutationEffectsOnFiber (node_modules\react-native\Libraries\Renderer\implementations\ReactFabric-dev.js)
  recursivelyTraverseMutationEffects (node_modules\react-native\Libraries\Renderer\implementations\ReactFabric-dev.js)
  commitMutationEffectsOnFiber (node_modules\react-native\Libraries\Renderer\implementations\ReactFabric-dev.js)
  recursivelyTraverseMutationEffects (node_modules\react-native\Libraries\Renderer\implementations\ReactFabric-dev.js)
  commitMutationEffectsOnFiber (node_modules\react-native\Libraries\Renderer\implementations\ReactFabric-dev.js)
  recursivelyTraverseMutationEffects (node_modules\react-native\Libraries\Renderer\implementations\ReactFabric-dev.js)
  commitMutationEffectsOnFiber (node_modules\react-native\Libraries\Renderer\implementations\ReactFabric-dev.js)
  recursivelyTraverseMutationEffects (node_modules\react-native\Libraries\Renderer\implementations\ReactFabric-dev.js)
  commitMutationEffectsOnFiber (node_modules\react-native\Libraries\Renderer\implementations\ReactFabric-dev.js)
  recursivelyTraverseMutationEffects (node_modules\react-native\Libraries\Renderer\implementations\ReactFabric-dev.js)
  commitMutationEffectsOnFiber (node_modules\react-native\Libraries\Renderer\implementations\ReactFabric-dev.js)
  recursivelyTraverseMutationEffects (node_modules\react-native\Libraries\Renderer\implementations\ReactFabric-dev.js)
  commitMutationEffectsOnFiber (node_modules\react-native\Libraries\Renderer\implementations\ReactFabric-dev.js)
  recursivelyTraverseMutationEffects (node_modules\react-native\Libraries\Renderer\implementations\ReactFabric-dev.js)
  commitMutationEffectsOnFiber (node_modules\react-native\Libraries\Renderer\implementations\ReactFabric-dev.js)
  recursivelyTraverseMutationEffects (node_modules\react-native\Libraries\Renderer\implementations\ReactFabric-dev.js)
  commitMutationEffectsOnFiber (node_modules\react-native\Libraries\Renderer\implementations\ReactFabric-dev.js)
  recursivelyTraverseMutationEffects (node_modules\react-native\Libraries\Renderer\implementations\ReactFabric-dev.js)
  commitMutationEffectsOnFiber (node_modules\react-native\Libraries\Renderer\implementations\ReactFabric-dev.js)
  recursivelyTraverseMutationEffects (node_modules\react-native\Libraries\Renderer\implementations\ReactFabric-dev.js)
  commitMutationEffectsOnFiber (node_modules\react-native\Libraries\Renderer\implementations\ReactFabric-dev.js)
  recursivelyTraverseMutationEffects (node_modules\react-native\Libraries\Renderer\implementations\ReactFabric-dev.js)
  commitMutationEffectsOnFiber (node_modules\react-native\Libraries\Renderer\implementations\ReactFabric-dev.js)
  recursivelyTraverseMutationEffects (node_modules\react-native\Libraries\Renderer\implementations\ReactFabric-dev.js)
  commitMutationEffectsOnFiber (node_modules\react-native\Libraries\Renderer\implementations\ReactFabric-dev.js)
  recursivelyTraverseMutationEffects (node_modules\react-native\Libraries\Renderer\implementations\ReactFabric-dev.js)
  commitMutationEffectsOnFiber (node_modules\react-native\Libraries\Renderer\implementations\ReactFabric-dev.js)
  recursivelyTraverseMutationEffects (node_modules\react-native\Libraries\Renderer\implementations\ReactFabric-dev.js)
  commitMutationEffectsOnFiber (node_modules\react-native\Libraries\Renderer\implementations\ReactFabric-dev.js)
  recursivelyTraverseMutationEffects (node_modules\react-native\Libraries\Renderer\implementations\ReactFabric-dev.js)
  commitMutationEffectsOnFiber (node_modules\react-native\Libraries\Renderer\implementations\ReactFabric-dev.js)
  recursivelyTraverseMutationEffects (node_modules\react-native\Libraries\Renderer\implementations\ReactFabric-dev.js)
  commitMutationEffectsOnFiber (node_modules\react-native\Libraries\Renderer\implementations\ReactFabric-dev.js)
  recursivelyTraverseMutationEffects (node_modules\react-native\Libraries\Renderer\implementations\ReactFabric-dev.js)
  commitMutationEffectsOnFiber (node_modules\react-native\Libraries\Renderer\implementations\ReactFabric-dev.js)
  recursivelyTraverseMutationEffects (node_modules\react-native\Libraries\Renderer\implementations\ReactFabric-dev.js)
  commitMutationEffectsOnFiber (node_modules\react-native\Libraries\Renderer\implementations\ReactFabric-dev.js)
  recursivelyTraverseMutationEffects (node_modules\react-native\Libraries\Renderer\implementations\ReactFabric-dev.js)
  commitMutationEffectsOnFiber (node_modules\react-native\Libraries\Renderer\implementations\ReactFabric-dev.js)
  recursivelyTraverseMutationEffects (node_modules\react-native\Libraries\Renderer\implementations\ReactFabric-dev.js)
  commitMutationEffectsOnFiber (node_modules\react-native\Libraries\Renderer\implementations\ReactFabric-dev.js)
  recursivelyTraverseMutationEffects (node_modules\react-native\Libraries\Renderer\implementations\ReactFabric-dev.js)
  commitMutationEffectsOnFiber (node_modules\react-native\Libraries\Renderer\implementations\ReactFabric-dev.js)
  recursivelyTraverseMutationEffects (node_modules\react-native\Libraries\Renderer\implementations\ReactFabric-dev.js)
  commitMutationEffectsOnFiber (node_modules\react-native\Libraries\Renderer\implementations\ReactFabric-dev.js)
  recursivelyTraverseMutationEffects (node_modules\react-native\Libraries\Renderer\implementations\ReactFabric-dev.js)
  commitMutationEffectsOnFiber (node_modules\react-native\Libraries\Renderer\implementations\ReactFabric-dev.js)
  recursivelyTraverseMutationEffects (node_modules\react-native\Libraries\Renderer\implementations\ReactFabric-dev.js)
  commitMutationEffectsOnFiber (node_modules\react-native\Libraries\Renderer\implementations\ReactFabric-dev.js)
  recursivelyTraverseMutationEffects (node_modules\react-native\Libraries\Renderer\implementations\ReactFabric-dev.js)
  commitMutationEffectsOnFiber (node_modules\react-native\Libraries\Renderer\implementations\ReactFabric-dev.js)
  recursivelyTraverseMutationEffects (node_modules\react-native\Libraries\Renderer\implementations\ReactFabric-dev.js)
  commitMutationEffectsOnFiber (node_modules\react-native\Libraries\Renderer\implementations\ReactFabric-dev.js)
  recursivelyTraverseMutationEffects (node_modules\react-native\Libraries\Renderer\implementations\ReactFabric-dev.js)
  commitMutationEffectsOnFiber (node_modules\react-native\Libraries\Renderer\implementations\ReactFabric-dev.js)
  flushMutationEffects (node_modules\react-native\Libraries\Renderer\implementations\ReactFabric-dev.js)
  commitRoot (node_modules\react-native\Libraries\Renderer\implementations\ReactFabric-dev.js)
  commitRootWhenReady (node_modules\react-native\Libraries\Renderer\implementations\ReactFabric-dev.js)
  performWorkOnRoot (node_modules\react-native\Libraries\Renderer\implementations\ReactFabric-dev.js)
  performSyncWorkOnRoot (node_modules\react-native\Libraries\Renderer\implementations\ReactFabric-dev.js)
  flushSyncWorkAcrossRoots_impl (node_modules\react-native\Libraries\Renderer\implementations\ReactFabric-dev.js)
  processRootScheduleInMicrotask (node_modules\react-native\Libraries\Renderer\implementations\ReactFabric-dev.js)
  scheduleMicrotask$argument_0 (node_modules\react-native\Libraries\Renderer\implementations\ReactFabric-dev.js) 

Call Stack
  call (<native>)
  apply (<native>)
  <anonymous> (node_modules\react-native-css-interop\dist\runtime\wrap-jsx.js)
  slides.map$argument_0 (app\onboarding.jsx)
  map (<native>)
  Onboarding (app\onboarding.jsx)
  call (<native>)
  apply (<native>)
  <anonymous> (node_modules\react-native-css-interop\dist\runtime\wrap-jsx.js)
  BaseRoute (node_modules\expo-router\build\useScreens.js)
  SceneView (node_modules\@react-navigation\core\lib\module\SceneView.js)
  render (node_modules\@react-navigation\core\lib\module\useDescriptors.js)
  routes.reduce$argument_0 (node_modules\@react-navigation\core\lib\module\useDescriptors.js)
  reduce (<native>)
  useDescriptors (node_modules\@react-navigation\core\lib\module\useDescriptors.js)
  useNavigationBuilder (node_modules\@react-navigation\core\lib\module\useNavigationBuilder.js)
  NativeStackNavigator (node_modules\expo-router\build\fork\native-stack\createNativeStackNavigator.js)
  call (<native>)
  apply (<native>)
  <anonymous> (node_modules\react-native-css-interop\dist\runtime\wrap-jsx.js)
  <anonymous> (node_modules\expo-router\build\layouts\withLayoutContext.js)
  call (<native>)
  apply (<native>)
  <anonymous> (node_modules\react-native-css-interop\dist\runtime\wrap-jsx.js)
  Object.assign$argument_0 (node_modules\expo-router\build\layouts\StackClient.js)
  call (<native>)
  apply (<native>)
  <anonymous> (node_modules\react-native-css-interop\dist\runtime\wrap-jsx.js)
  RootLayout (app\_layout.jsx)
  call (<native>)
  apply (<native>)
  <anonymous> (node_modules\react-native-css-interop\dist\runtime\wrap-jsx.js)
  BaseRoute (node_modules\expo-router\build\useScreens.js)
  SceneView (node_modules\@react-navigation\core\lib\module\SceneView.js)
  render (node_modules\@react-navigation\core\lib\module\useDescriptors.js)
  routes.reduce$argument_0 (node_modules\@react-navigation\core\lib\module\useDescriptors.js)
  reduce (<native>)
  useDescriptors (node_modules\@react-navigation\core\lib\module\useDescriptors.js)
  useNavigationBuilder (node_modules\@react-navigation\core\lib\module\useNavigationBuilder.js)
  Content (node_modules\expo-router\build\ExpoRoot.js)
  call (<native>)
  apply (<native>)
  <anonymous> (node_modules\react-native-css-interop\dist\runtime\wrap-jsx.js)
  ContextNavigator (node_modules\expo-router\build\ExpoRoot.js)
  call (<native>)
  apply (<native>)
  <anonymous> (node_modules\react-native-css-interop\dist\runtime\wrap-jsx.js)
  ExpoRoot (node_modules\expo-router\build\ExpoRoot.js)
  call (<native>)
  apply (<native>)
  <anonymous> (node_modules\react-native-css-interop\dist\runtime\wrap-jsx.js)
  App (node_modules\expo-router\build\qualified-entry.js)
  call (<native>)
  apply (<native>)
  <anonymous> (node_modules\react-native-css-interop\dist\runtime\wrap-jsx.js)
  WithDevTools (node_modules\expo\src\launch\withDevTools.tsx)
 ERROR  Style property 'width' is not supported by native animated module 

Call Stack
  construct (<native>)
  apply (<native>)
  _construct (node_modules\@babel\runtime\helpers\construct.js)
  Wrapper (node_modules\@babel\runtime\helpers\wrapNativeSuper.js)
  construct (<native>)
  _callSuper (node_modules\@babel\runtime\helpers\callSuper.js)
  NamelessError (node_modules\@expo\metro-runtime\src\metroServerLogs.native.ts)
  captureCurrentStack (node_modules\@expo\metro-runtime\src\metroServerLogs.native.ts)
  HMRClient.log (node_modules\@expo\metro-runtime\src\metroServerLogs.native.ts)
  console.level (node_modules\react-native\Libraries\Core\setUpDeveloperTools.js)
  validateStyles (node_modules\react-native\src\private\animated\NativeAnimatedValidation.js)
  __getNativeConfig (node_modules\react-native\Libraries\Animated\nodes\AnimatedStyle.js)
  __getNativeTag (node_modules\react-native\Libraries\Animated\nodes\AnimatedNode.js)
  __addChild (node_modules\react-native\Libraries\Animated\nodes\AnimatedWithChildren.js)
  __attach (node_modules\react-native\Libraries\Animated\nodes\AnimatedStyle.js)
  __addChild (node_modules\react-native\Libraries\Animated\nodes\AnimatedWithChildren.js)
  __attach (node_modules\react-native\Libraries\Animated\nodes\AnimatedProps.js)
  useInsertionEffect$argument_0 (node_modules\react-native\src\private\animated\createAnimatedPropsHook.js)
  callCreate.reactStackBottomFrame (node_modules\react-native\Libraries\Renderer\implementations\ReactFabric-dev.js)
  runWithFiberInDEV (node_modules\react-native\Libraries\Renderer\implementations\ReactFabric-dev.js)
  commitHookEffectListMount (node_modules\react-native\Libraries\Renderer\implementations\ReactFabric-dev.js)
  commitMutationEffectsOnFiber (node_modules\react-native\Libraries\Renderer\implementations\ReactFabric-dev.js)
  recursivelyTraverseMutationEffects (node_modules\react-native\Libraries\Renderer\implementations\ReactFabric-dev.js)
  commitMutationEffectsOnFiber (node_modules\react-native\Libraries\Renderer\implementations\ReactFabric-dev.js)
  recursivelyTraverseMutationEffects (node_modules\react-native\Libraries\Renderer\implementations\ReactFabric-dev.js)
  commitMutationEffectsOnFiber (node_modules\react-native\Libraries\Renderer\implementations\ReactFabric-dev.js)
  recursivelyTraverseMutationEffects (node_modules\react-native\Libraries\Renderer\implementations\ReactFabric-dev.js)
  commitMutationEffectsOnFiber (node_modules\react-native\Libraries\Renderer\implementations\ReactFabric-dev.js)
  recursivelyTraverseMutationEffects (node_modules\react-native\Libraries\Renderer\implementations\ReactFabric-dev.js)
  commitMutationEffectsOnFiber (node_modules\react-native\Libraries\Renderer\implementations\ReactFabric-dev.js)
  recursivelyTraverseMutationEffects (node_modules\react-native\Libraries\Renderer\implementations\ReactFabric-dev.js)
  commitMutationEffectsOnFiber (node_modules\react-native\Libraries\Renderer\implementations\ReactFabric-dev.js)
  recursivelyTraverseMutationEffects (node_modules\react-native\Libraries\Renderer\implementations\ReactFabric-dev.js)
  commitMutationEffectsOnFiber (node_modules\react-native\Libraries\Renderer\implementations\ReactFabric-dev.js)
  recursivelyTraverseMutationEffects (node_modules\react-native\Libraries\Renderer\implementations\ReactFabric-dev.js)
  commitMutationEffectsOnFiber (node_modules\react-native\Libraries\Renderer\implementations\ReactFabric-dev.js)
  recursivelyTraverseMutationEffects (node_modules\react-native\Libraries\Renderer\implementations\ReactFabric-dev.js)
  commitMutationEffectsOnFiber (node_modules\react-native\Libraries\Renderer\implementations\ReactFabric-dev.js)
  recursivelyTraverseMutationEffects (node_modules\react-native\Libraries\Renderer\implementations\ReactFabric-dev.js)
  commitMutationEffectsOnFiber (node_modules\react-native\Libraries\Renderer\implementations\ReactFabric-dev.js)
  recursivelyTraverseMutationEffects (node_modules\react-native\Libraries\Renderer\implementations\ReactFabric-dev.js)
  commitMutationEffectsOnFiber (node_modules\react-native\Libraries\Renderer\implementations\ReactFabric-dev.js)
  recursivelyTraverseMutationEffects (node_modules\react-native\Libraries\Renderer\implementations\ReactFabric-dev.js)
  commitMutationEffectsOnFiber (node_modules\react-native\Libraries\Renderer\implementations\ReactFabric-dev.js)
  recursivelyTraverseMutationEffects (node_modules\react-native\Libraries\Renderer\implementations\ReactFabric-dev.js)
  commitMutationEffectsOnFiber (node_modules\react-native\Libraries\Renderer\implementations\ReactFabric-dev.js)
  recursivelyTraverseMutationEffects (node_modules\react-native\Libraries\Renderer\implementations\ReactFabric-dev.js)
  commitMutationEffectsOnFiber (node_modules\react-native\Libraries\Renderer\implementations\ReactFabric-dev.js)
  recursivelyTraverseMutationEffects (node_modules\react-native\Libraries\Renderer\implementations\ReactFabric-dev.js)
  commitMutationEffectsOnFiber (node_modules\react-native\Libraries\Renderer\implementations\ReactFabric-dev.js)
  recursivelyTraverseMutationEffects (node_modules\react-native\Libraries\Renderer\implementations\ReactFabric-dev.js)
  commitMutationEffectsOnFiber (node_modules\react-native\Libraries\Renderer\implementations\ReactFabric-dev.js)
  recursivelyTraverseMutationEffects (node_modules\react-native\Libraries\Renderer\implementations\ReactFabric-dev.js)
  commitMutationEffectsOnFiber (node_modules\react-native\Libraries\Renderer\implementations\ReactFabric-dev.js)
  recursivelyTraverseMutationEffects (node_modules\react-native\Libraries\Renderer\implementations\ReactFabric-dev.js)
  commitMutationEffectsOnFiber (node_modules\react-native\Libraries\Renderer\implementations\ReactFabric-dev.js)
  recursivelyTraverseMutationEffects (node_modules\react-native\Libraries\Renderer\implementations\ReactFabric-dev.js)
  commitMutationEffectsOnFiber (node_modules\react-native\Libraries\Renderer\implementations\ReactFabric-dev.js)
  recursivelyTraverseMutationEffects (node_modules\react-native\Libraries\Renderer\implementations\ReactFabric-dev.js)
  commitMutationEffectsOnFiber (node_modules\react-native\Libraries\Renderer\implementations\ReactFabric-dev.js)
  recursivelyTraverseMutationEffects (node_modules\react-native\Libraries\Renderer\implementations\ReactFabric-dev.js)
  commitMutationEffectsOnFiber (node_modules\react-native\Libraries\Renderer\implementations\ReactFabric-dev.js)
  recursivelyTraverseMutationEffects (node_modules\react-native\Libraries\Renderer\implementations\ReactFabric-dev.js)
  commitMutationEffectsOnFiber (node_modules\react-native\Libraries\Renderer\implementations\ReactFabric-dev.js)
  recursivelyTraverseMutationEffects (node_modules\react-native\Libraries\Renderer\implementations\ReactFabric-dev.js)
  commitMutationEffectsOnFiber (node_modules\react-native\Libraries\Renderer\implementations\ReactFabric-dev.js)
  recursivelyTraverseMutationEffects (node_modules\react-native\Libraries\Renderer\implementations\ReactFabric-dev.js)
  commitMutationEffectsOnFiber (node_modules\react-native\Libraries\Renderer\implementations\ReactFabric-dev.js)
  recursivelyTraverseMutationEffects (node_modules\react-native\Libraries\Renderer\implementations\ReactFabric-dev.js)
  commitMutationEffectsOnFiber (node_modules\react-native\Libraries\Renderer\implementations\ReactFabric-dev.js)
  recursivelyTraverseMutationEffects (node_modules\react-native\Libraries\Renderer\implementations\ReactFabric-dev.js)
  commitMutationEffectsOnFiber (node_modules\react-native\Libraries\Renderer\implementations\ReactFabric-dev.js)
  recursivelyTraverseMutationEffects (node_modules\react-native\Libraries\Renderer\implementations\ReactFabric-dev.js)
  commitMutationEffectsOnFiber (node_modules\react-native\Libraries\Renderer\implementations\ReactFabric-dev.js)
  recursivelyTraverseMutationEffects (node_modules\react-native\Libraries\Renderer\implementations\ReactFabric-dev.js)
  commitMutationEffectsOnFiber (node_modules\react-native\Libraries\Renderer\implementations\ReactFabric-dev.js)
  recursivelyTraverseMutationEffects (node_modules\react-native\Libraries\Renderer\implementations\ReactFabric-dev.js)
  commitMutationEffectsOnFiber (node_modules\react-native\Libraries\Renderer\implementations\ReactFabric-dev.js)
  recursivelyTraverseMutationEffects (node_modules\react-native\Libraries\Renderer\implementations\ReactFabric-dev.js)
  commitMutationEffectsOnFiber (node_modules\react-native\Libraries\Renderer\implementations\ReactFabric-dev.js)
  recursivelyTraverseMutationEffects (node_modules\react-native\Libraries\Renderer\implementations\ReactFabric-dev.js)
  commitMutationEffectsOnFiber (node_modules\react-native\Libraries\Renderer\implementations\ReactFabric-dev.js)
  recursivelyTraverseMutationEffects (node_modules\react-native\Libraries\Renderer\implementations\ReactFabric-dev.js)
  commitMutationEffectsOnFiber (node_modules\react-native\Libraries\Renderer\implementations\ReactFabric-dev.js)
  recursivelyTraverseMutationEffects (node_modules\react-native\Libraries\Renderer\implementations\ReactFabric-dev.js)
  commitMutationEffectsOnFiber (node_modules\react-native\Libraries\Renderer\implementations\ReactFabric-dev.js)
  recursivelyTraverseMutationEffects (node_modules\react-native\Libraries\Renderer\implementations\ReactFabric-dev.js)
  commitMutationEffectsOnFiber (node_modules\react-native\Libraries\Renderer\implementations\ReactFabric-dev.js)
  recursivelyTraverseMutationEffects (node_modules\react-native\Libraries\Renderer\implementations\ReactFabric-dev.js)
  commitMutationEffectsOnFiber (node_modules\react-native\Libraries\Renderer\implementations\ReactFabric-dev.js)
  recursivelyTraverseMutationEffects (node_modules\react-native\Libraries\Renderer\implementations\ReactFabric-dev.js)
  commitMutationEffectsOnFiber (node_modules\react-native\Libraries\Renderer\implementations\ReactFabric-dev.js)
  flushMutationEffects (node_modules\react-native\Libraries\Renderer\implementations\ReactFabric-dev.js)
  commitRoot (node_modules\react-native\Libraries\Renderer\implementations\ReactFabric-dev.js)
  commitRootWhenReady (node_modules\react-native\Libraries\Renderer\implementations\ReactFabric-dev.js)
  performWorkOnRoot (node_modules\react-native\Libraries\Renderer\implementations\ReactFabric-dev.js)
  performSyncWorkOnRoot (node_modules\react-native\Libraries\Renderer\implementations\ReactFabric-dev.js)
  flushSyncWorkAcrossRoots_impl (node_modules\react-native\Libraries\Renderer\implementations\ReactFabric-dev.js)
  processRootScheduleInMicrotask (node_modules\react-native\Libraries\Renderer\implementations\ReactFabric-dev.js)
  scheduleMicrotask$argument_0 (node_modules\react-native\Libraries\Renderer\implementations\ReactFabric-dev.js) 

Call Stack
  call (<native>)
  apply (<native>)
  <anonymous> (node_modules\react-native-css-interop\dist\runtime\wrap-jsx.js)
  slides.map$argument_0 (app\onboarding.jsx)
  map (<native>)
  Onboarding (app\onboarding.jsx)
  call (<native>)
  apply (<native>)
  <anonymous> (node_modules\react-native-css-interop\dist\runtime\wrap-jsx.js)
  BaseRoute (node_modules\expo-router\build\useScreens.js)
  SceneView (node_modules\@react-navigation\core\lib\module\SceneView.js)
  render (node_modules\@react-navigation\core\lib\module\useDescriptors.js)
  routes.reduce$argument_0 (node_modules\@react-navigation\core\lib\module\useDescriptors.js)
  reduce (<native>)
  useDescriptors (node_modules\@react-navigation\core\lib\module\useDescriptors.js)
  useNavigationBuilder (node_modules\@react-navigation\core\lib\module\useNavigationBuilder.js)
  NativeStackNavigator (node_modules\expo-router\build\fork\native-stack\createNativeStackNavigator.js)
  call (<native>)
  apply (<native>)
  <anonymous> (node_modules\react-native-css-interop\dist\runtime\wrap-jsx.js)
  <anonymous> (node_modules\expo-router\build\layouts\withLayoutContext.js)
  call (<native>)
  apply (<native>)
  <anonymous> (node_modules\react-native-css-interop\dist\runtime\wrap-jsx.js)
  Object.assign$argument_0 (node_modules\expo-router\build\layouts\StackClient.js)
  call (<native>)
  apply (<native>)
  <anonymous> (node_modules\react-native-css-interop\dist\runtime\wrap-jsx.js)
  RootLayout (app\_layout.jsx)
  call (<native>)
  apply (<native>)
  <anonymous> (node_modules\react-native-css-interop\dist\runtime\wrap-jsx.js)
  BaseRoute (node_modules\expo-router\build\useScreens.js)
  SceneView (node_modules\@react-navigation\core\lib\module\SceneView.js)
  render (node_modules\@react-navigation\core\lib\module\useDescriptors.js)
  routes.reduce$argument_0 (node_modules\@react-navigation\core\lib\module\useDescriptors.js)
  reduce (<native>)
  useDescriptors (node_modules\@react-navigation\core\lib\module\useDescriptors.js)
  useNavigationBuilder (node_modules\@react-navigation\core\lib\module\useNavigationBuilder.js)
  Content (node_modules\expo-router\build\ExpoRoot.js)
  call (<native>)
  apply (<native>)
  <anonymous> (node_modules\react-native-css-interop\dist\runtime\wrap-jsx.js)
  ContextNavigator (node_modules\expo-router\build\ExpoRoot.js)
  call (<native>)
  apply (<native>)
  <anonymous> (node_modules\react-native-css-interop\dist\runtime\wrap-jsx.js)
  ExpoRoot (node_modules\expo-router\build\ExpoRoot.js)
  call (<native>)
  apply (<native>)
  <anonymous> (node_modules\react-native-css-interop\dist\runtime\wrap-jsx.js)
  App (node_modules\expo-router\build\qualified-entry.js)
  call (<native>)
  apply (<native>)
  <anonymous> (node_modules\react-native-css-interop\dist\runtime\wrap-jsx.js)
  WithDevTools (node_modules\expo\src\launch\withDevTools.tsx)
 ERROR  Style property 'width' is not supported by native animated module 

Call Stack
  construct (<native>)
  apply (<native>)
  _construct (node_modules\@babel\runtime\helpers\construct.js)
  Wrapper (node_modules\@babel\runtime\helpers\wrapNativeSuper.js)
  construct (<native>)
  _callSuper (node_modules\@babel\runtime\helpers\callSuper.js)
  NamelessError (node_modules\@expo\metro-runtime\src\metroServerLogs.native.ts)
  captureCurrentStack (node_modules\@expo\metro-runtime\src\metroServerLogs.native.ts)
  HMRClient.log (node_modules\@expo\metro-runtime\src\metroServerLogs.native.ts)
  console.level (node_modules\react-native\Libraries\Core\setUpDeveloperTools.js)
  validateStyles (node_modules\react-native\src\private\animated\NativeAnimatedValidation.js)
  __getNativeConfig (node_modules\react-native\Libraries\Animated\nodes\AnimatedStyle.js)
  __getNativeTag (node_modules\react-native\Libraries\Animated\nodes\AnimatedNode.js)
  __addChild (node_modules\react-native\Libraries\Animated\nodes\AnimatedWithChildren.js)
  __attach (node_modules\react-native\Libraries\Animated\nodes\AnimatedStyle.js)
  __addChild (node_modules\react-native\Libraries\Animated\nodes\AnimatedWithChildren.js)
  __attach (node_modules\react-native\Libraries\Animated\nodes\AnimatedProps.js)
  useInsertionEffect$argument_0 (node_modules\react-native\src\private\animated\createAnimatedPropsHook.js)
  callCreate.reactStackBottomFrame (node_modules\react-native\Libraries\Renderer\implementations\ReactFabric-dev.js)
  runWithFiberInDEV (node_modules\react-native\Libraries\Renderer\implementations\ReactFabric-dev.js)
  commitHookEffectListMount (node_modules\react-native\Libraries\Renderer\implementations\ReactFabric-dev.js)
  commitMutationEffectsOnFiber (node_modules\react-native\Libraries\Renderer\implementations\ReactFabric-dev.js)
  recursivelyTraverseMutationEffects (node_modules\react-native\Libraries\Renderer\implementations\ReactFabric-dev.js)
  commitMutationEffectsOnFiber (node_modules\react-native\Libraries\Renderer\implementations\ReactFabric-dev.js)
  recursivelyTraverseMutationEffects (node_modules\react-native\Libraries\Renderer\implementations\ReactFabric-dev.js)
  commitMutationEffectsOnFiber (node_modules\react-native\Libraries\Renderer\implementations\ReactFabric-dev.js)
  recursivelyTraverseMutationEffects (node_modules\react-native\Libraries\Renderer\implementations\ReactFabric-dev.js)
  commitMutationEffectsOnFiber (node_modules\react-native\Libraries\Renderer\implementations\ReactFabric-dev.js)
  recursivelyTraverseMutationEffects (node_modules\react-native\Libraries\Renderer\implementations\ReactFabric-dev.js)
  commitMutationEffectsOnFiber (node_modules\react-native\Libraries\Renderer\implementations\ReactFabric-dev.js)
  recursivelyTraverseMutationEffects (node_modules\react-native\Libraries\Renderer\implementations\ReactFabric-dev.js)
  commitMutationEffectsOnFiber (node_modules\react-native\Libraries\Renderer\implementations\ReactFabric-dev.js)
  recursivelyTraverseMutationEffects (node_modules\react-native\Libraries\Renderer\implementations\ReactFabric-dev.js)
  commitMutationEffectsOnFiber (node_modules\react-native\Libraries\Renderer\implementations\ReactFabric-dev.js)
  recursivelyTraverseMutationEffects (node_modules\react-native\Libraries\Renderer\implementations\ReactFabric-dev.js)
  commitMutationEffectsOnFiber (node_modules\react-native\Libraries\Renderer\implementations\ReactFabric-dev.js)
  recursivelyTraverseMutationEffects (node_modules\react-native\Libraries\Renderer\implementations\ReactFabric-dev.js)
  commitMutationEffectsOnFiber (node_modules\react-native\Libraries\Renderer\implementations\ReactFabric-dev.js)
  recursivelyTraverseMutationEffects (node_modules\react-native\Libraries\Renderer\implementations\ReactFabric-dev.js)
  commitMutationEffectsOnFiber (node_modules\react-native\Libraries\Renderer\implementations\ReactFabric-dev.js)
  recursivelyTraverseMutationEffects (node_modules\react-native\Libraries\Renderer\implementations\ReactFabric-dev.js)
  commitMutationEffectsOnFiber (node_modules\react-native\Libraries\Renderer\implementations\ReactFabric-dev.js)
  recursivelyTraverseMutationEffects (node_modules\react-native\Libraries\Renderer\implementations\ReactFabric-dev.js)
  commitMutationEffectsOnFiber (node_modules\react-native\Libraries\Renderer\implementations\ReactFabric-dev.js)
  recursivelyTraverseMutationEffects (node_modules\react-native\Libraries\Renderer\implementations\ReactFabric-dev.js)
  commitMutationEffectsOnFiber (node_modules\react-native\Libraries\Renderer\implementations\ReactFabric-dev.js)
  recursivelyTraverseMutationEffects (node_modules\react-native\Libraries\Renderer\implementations\ReactFabric-dev.js)
  commitMutationEffectsOnFiber (node_modules\react-native\Libraries\Renderer\implementations\ReactFabric-dev.js)
  recursivelyTraverseMutationEffects (node_modules\react-native\Libraries\Renderer\implementations\ReactFabric-dev.js)
  commitMutationEffectsOnFiber (node_modules\react-native\Libraries\Renderer\implementations\ReactFabric-dev.js)
  recursivelyTraverseMutationEffects (node_modules\react-native\Libraries\Renderer\implementations\ReactFabric-dev.js)
  commitMutationEffectsOnFiber (node_modules\react-native\Libraries\Renderer\implementations\ReactFabric-dev.js)
  recursivelyTraverseMutationEffects (node_modules\react-native\Libraries\Renderer\implementations\ReactFabric-dev.js)
  commitMutationEffectsOnFiber (node_modules\react-native\Libraries\Renderer\implementations\ReactFabric-dev.js)
  recursivelyTraverseMutationEffects (node_modules\react-native\Libraries\Renderer\implementations\ReactFabric-dev.js)
  commitMutationEffectsOnFiber (node_modules\react-native\Libraries\Renderer\implementations\ReactFabric-dev.js)
  recursivelyTraverseMutationEffects (node_modules\react-native\Libraries\Renderer\implementations\ReactFabric-dev.js)
  commitMutationEffectsOnFiber (node_modules\react-native\Libraries\Renderer\implementations\ReactFabric-dev.js)
  recursivelyTraverseMutationEffects (node_modules\react-native\Libraries\Renderer\implementations\ReactFabric-dev.js)
  commitMutationEffectsOnFiber (node_modules\react-native\Libraries\Renderer\implementations\ReactFabric-dev.js)
  recursivelyTraverseMutationEffects (node_modules\react-native\Libraries\Renderer\implementations\ReactFabric-dev.js)
  commitMutationEffectsOnFiber (node_modules\react-native\Libraries\Renderer\implementations\ReactFabric-dev.js)
  recursivelyTraverseMutationEffects (node_modules\react-native\Libraries\Renderer\implementations\ReactFabric-dev.js)
  commitMutationEffectsOnFiber (node_modules\react-native\Libraries\Renderer\implementations\ReactFabric-dev.js)
  recursivelyTraverseMutationEffects (node_modules\react-native\Libraries\Renderer\implementations\ReactFabric-dev.js)
  commitMutationEffectsOnFiber (node_modules\react-native\Libraries\Renderer\implementations\ReactFabric-dev.js)
  recursivelyTraverseMutationEffects (node_modules\react-native\Libraries\Renderer\implementations\ReactFabric-dev.js)
  commitMutationEffectsOnFiber (node_modules\react-native\Libraries\Renderer\implementations\ReactFabric-dev.js)
  recursivelyTraverseMutationEffects (node_modules\react-native\Libraries\Renderer\implementations\ReactFabric-dev.js)
  commitMutationEffectsOnFiber (node_modules\react-native\Libraries\Renderer\implementations\ReactFabric-dev.js)
  recursivelyTraverseMutationEffects (node_modules\react-native\Libraries\Renderer\implementations\ReactFabric-dev.js)
  commitMutationEffectsOnFiber (node_modules\react-native\Libraries\Renderer\implementations\ReactFabric-dev.js)
  recursivelyTraverseMutationEffects (node_modules\react-native\Libraries\Renderer\implementations\ReactFabric-dev.js)
  commitMutationEffectsOnFiber (node_modules\react-native\Libraries\Renderer\implementations\ReactFabric-dev.js)
  recursivelyTraverseMutationEffects (node_modules\react-native\Libraries\Renderer\implementations\ReactFabric-dev.js)
  commitMutationEffectsOnFiber (node_modules\react-native\Libraries\Renderer\implementations\ReactFabric-dev.js)
  recursivelyTraverseMutationEffects (node_modules\react-native\Libraries\Renderer\implementations\ReactFabric-dev.js)
  commitMutationEffectsOnFiber (node_modules\react-native\Libraries\Renderer\implementations\ReactFabric-dev.js)
  recursivelyTraverseMutationEffects (node_modules\react-native\Libraries\Renderer\implementations\ReactFabric-dev.js)
  commitMutationEffectsOnFiber (node_modules\react-native\Libraries\Renderer\implementations\ReactFabric-dev.js)
  recursivelyTraverseMutationEffects (node_modules\react-native\Libraries\Renderer\implementations\ReactFabric-dev.js)
  commitMutationEffectsOnFiber (node_modules\react-native\Libraries\Renderer\implementations\ReactFabric-dev.js)
  recursivelyTraverseMutationEffects (node_modules\react-native\Libraries\Renderer\implementations\ReactFabric-dev.js)
  commitMutationEffectsOnFiber (node_modules\react-native\Libraries\Renderer\implementations\ReactFabric-dev.js)
  recursivelyTraverseMutationEffects (node_modules\react-native\Libraries\Renderer\implementations\ReactFabric-dev.js)
  commitMutationEffectsOnFiber (node_modules\react-native\Libraries\Renderer\implementations\ReactFabric-dev.js)
  recursivelyTraverseMutationEffects (node_modules\react-native\Libraries\Renderer\implementations\ReactFabric-dev.js)
  commitMutationEffectsOnFiber (node_modules\react-native\Libraries\Renderer\implementations\ReactFabric-dev.js)
  recursivelyTraverseMutationEffects (node_modules\react-native\Libraries\Renderer\implementations\ReactFabric-dev.js)
  commitMutationEffectsOnFiber (node_modules\react-native\Libraries\Renderer\implementations\ReactFabric-dev.js)
  recursivelyTraverseMutationEffects (node_modules\react-native\Libraries\Renderer\implementations\ReactFabric-dev.js)
  commitMutationEffectsOnFiber (node_modules\react-native\Libraries\Renderer\implementations\ReactFabric-dev.js)
  flushMutationEffects (node_modules\react-native\Libraries\Renderer\implementations\ReactFabric-dev.js)
  commitRoot (node_modules\react-native\Libraries\Renderer\implementations\ReactFabric-dev.js)
  commitRootWhenReady (node_modules\react-native\Libraries\Renderer\implementations\ReactFabric-dev.js)
  performWorkOnRoot (node_modules\react-native\Libraries\Renderer\implementations\ReactFabric-dev.js)
  performSyncWorkOnRoot (node_modules\react-native\Libraries\Renderer\implementations\ReactFabric-dev.js)
  flushSyncWorkAcrossRoots_impl (node_modules\react-native\Libraries\Renderer\implementations\ReactFabric-dev.js)
  processRootScheduleInMicrotask (node_modules\react-native\Libraries\Renderer\implementations\ReactFabric-dev.js)
  scheduleMicrotask$argument_0 (node_modules\react-native\Libraries\Renderer\implementations\ReactFabric-dev.js) 

Call Stack
  call (<native>)
  apply (<native>)
  <anonymous> (node_modules\react-native-css-interop\dist\runtime\wrap-jsx.js)
  slides.map$argument_0 (app\onboarding.jsx)
  map (<native>)
  Onboarding (app\onboarding.jsx)
  call (<native>)
  apply (<native>)
  <anonymous> (node_modules\react-native-css-interop\dist\runtime\wrap-jsx.js)
  BaseRoute (node_modules\expo-router\build\useScreens.js)
  SceneView (node_modules\@react-navigation\core\lib\module\SceneView.js)
  render (node_modules\@react-navigation\core\lib\module\useDescriptors.js)
  routes.reduce$argument_0 (node_modules\@react-navigation\core\lib\module\useDescriptors.js)
  reduce (<native>)
  useDescriptors (node_modules\@react-navigation\core\lib\module\useDescriptors.js)
  useNavigationBuilder (node_modules\@react-navigation\core\lib\module\useNavigationBuilder.js)
  NativeStackNavigator (node_modules\expo-router\build\fork\native-stack\createNativeStackNavigator.js)
  call (<native>)
  apply (<native>)
  <anonymous> (node_modules\react-native-css-interop\dist\runtime\wrap-jsx.js)
  <anonymous> (node_modules\expo-router\build\layouts\withLayoutContext.js)
  call (<native>)
  apply (<native>)
  <anonymous> (node_modules\react-native-css-interop\dist\runtime\wrap-jsx.js)
  Object.assign$argument_0 (node_modules\expo-router\build\layouts\StackClient.js)
  call (<native>)
  apply (<native>)
  <anonymous> (node_modules\react-native-css-interop\dist\runtime\wrap-jsx.js)
  RootLayout (app\_layout.jsx)
  call (<native>)
  apply (<native>)
  <anonymous> (node_modules\react-native-css-interop\dist\runtime\wrap-jsx.js)
  BaseRoute (node_modules\expo-router\build\useScreens.js)
  SceneView (node_modules\@react-navigation\core\lib\module\SceneView.js)
  render (node_modules\@react-navigation\core\lib\module\useDescriptors.js)
  routes.reduce$argument_0 (node_modules\@react-navigation\core\lib\module\useDescriptors.js)
  reduce (<native>)
  useDescriptors (node_modules\@react-navigation\core\lib\module\useDescriptors.js)
  useNavigationBuilder (node_modules\@react-navigation\core\lib\module\useNavigationBuilder.js)
  Content (node_modules\expo-router\build\ExpoRoot.js)
  call (<native>)
  apply (<native>)
  <anonymous> (node_modules\react-native-css-interop\dist\runtime\wrap-jsx.js)
  ContextNavigator (node_modules\expo-router\build\ExpoRoot.js)
  call (<native>)
  apply (<native>)
  <anonymous> (node_modules\react-native-css-interop\dist\runtime\wrap-jsx.js)
  ExpoRoot (node_modules\expo-router\build\ExpoRoot.js)
  call (<native>)
  apply (<native>)
  <anonymous> (node_modules\react-native-css-interop\dist\runtime\wrap-jsx.js)
  App (node_modules\expo-router\build\qualified-entry.js)
  call (<native>)
  apply (<native>)
  <anonymous> (node_modules\react-native-css-interop\dist\runtime\wrap-jsx.js)
  WithDevTools (node_modules\expo\src\launch\withDevTools.tsx)
 ERROR  Style property 'width' is not supported by native animated module 

Call Stack
  construct (<native>)
  apply (<native>)
  _construct (node_modules\@babel\runtime\helpers\construct.js)
  Wrapper (node_modules\@babel\runtime\helpers\wrapNativeSuper.js)
  construct (<native>)
  _callSuper (node_modules\@babel\runtime\helpers\callSuper.js)
  NamelessError (node_modules\@expo\metro-runtime\src\metroServerLogs.native.ts)
  captureCurrentStack (node_modules\@expo\metro-runtime\src\metroServerLogs.native.ts)
  HMRClient.log (node_modules\@expo\metro-runtime\src\metroServerLogs.native.ts)
  console.level (node_modules\react-native\Libraries\Core\setUpDeveloperTools.js)
  validateStyles (node_modules\react-native\src\private\animated\NativeAnimatedValidation.js)
  __getNativeConfig (node_modules\react-native\Libraries\Animated\nodes\AnimatedStyle.js)
  __getNativeTag (node_modules\react-native\Libraries\Animated\nodes\AnimatedNode.js)
  __addChild (node_modules\react-native\Libraries\Animated\nodes\AnimatedWithChildren.js)
  __attach (node_modules\react-native\Libraries\Animated\nodes\AnimatedStyle.js)
  __addChild (node_modules\react-native\Libraries\Animated\nodes\AnimatedWithChildren.js)
  __attach (node_modules\react-native\Libraries\Animated\nodes\AnimatedProps.js)
  useInsertionEffect$argument_0 (node_modules\react-native\src\private\animated\createAnimatedPropsHook.js)
  callCreate.reactStackBottomFrame (node_modules\react-native\Libraries\Renderer\implementations\ReactFabric-dev.js)
  runWithFiberInDEV (node_modules\react-native\Libraries\Renderer\implementations\ReactFabric-dev.js)
  commitHookEffectListMount (node_modules\react-native\Libraries\Renderer\implementations\ReactFabric-dev.js)
  commitMutationEffectsOnFiber (node_modules\react-native\Libraries\Renderer\implementations\ReactFabric-dev.js)
  recursivelyTraverseMutationEffects (node_modules\react-native\Libraries\Renderer\implementations\ReactFabric-dev.js)
  commitMutationEffectsOnFiber (node_modules\react-native\Libraries\Renderer\implementations\ReactFabric-dev.js)
  recursivelyTraverseMutationEffects (node_modules\react-native\Libraries\Renderer\implementations\ReactFabric-dev.js)
  commitMutationEffectsOnFiber (node_modules\react-native\Libraries\Renderer\implementations\ReactFabric-dev.js)
  recursivelyTraverseMutationEffects (node_modules\react-native\Libraries\Renderer\implementations\ReactFabric-dev.js)
  commitMutationEffectsOnFiber (node_modules\react-native\Libraries\Renderer\implementations\ReactFabric-dev.js)
  recursivelyTraverseMutationEffects (node_modules\react-native\Libraries\Renderer\implementations\ReactFabric-dev.js)
  commitMutationEffectsOnFiber (node_modules\react-native\Libraries\Renderer\implementations\ReactFabric-dev.js)
  recursivelyTraverseMutationEffects (node_modules\react-native\Libraries\Renderer\implementations\ReactFabric-dev.js)
  commitMutationEffectsOnFiber (node_modules\react-native\Libraries\Renderer\implementations\ReactFabric-dev.js)
  recursivelyTraverseMutationEffects (node_modules\react-native\Libraries\Renderer\implementations\ReactFabric-dev.js)
  commitMutationEffectsOnFiber (node_modules\react-native\Libraries\Renderer\implementations\ReactFabric-dev.js)
  recursivelyTraverseMutationEffects (node_modules\react-native\Libraries\Renderer\implementations\ReactFabric-dev.js)
  commitMutationEffectsOnFiber (node_modules\react-native\Libraries\Renderer\implementations\ReactFabric-dev.js)
  recursivelyTraverseMutationEffects (node_modules\react-native\Libraries\Renderer\implementations\ReactFabric-dev.js)
  commitMutationEffectsOnFiber (node_modules\react-native\Libraries\Renderer\implementations\ReactFabric-dev.js)
  recursivelyTraverseMutationEffects (node_modules\react-native\Libraries\Renderer\implementations\ReactFabric-dev.js)
  commitMutationEffectsOnFiber (node_modules\react-native\Libraries\Renderer\implementations\ReactFabric-dev.js)
  recursivelyTraverseMutationEffects (node_modules\react-native\Libraries\Renderer\implementations\ReactFabric-dev.js)
  commitMutationEffectsOnFiber (node_modules\react-native\Libraries\Renderer\implementations\ReactFabric-dev.js)
  recursivelyTraverseMutationEffects (node_modules\react-native\Libraries\Renderer\implementations\ReactFabric-dev.js)
  commitMutationEffectsOnFiber (node_modules\react-native\Libraries\Renderer\implementations\ReactFabric-dev.js)
  recursivelyTraverseMutationEffects (node_modules\react-native\Libraries\Renderer\implementations\ReactFabric-dev.js)
  commitMutationEffectsOnFiber (node_modules\react-native\Libraries\Renderer\implementations\ReactFabric-dev.js)
  recursivelyTraverseMutationEffects (node_modules\react-native\Libraries\Renderer\implementations\ReactFabric-dev.js)
  commitMutationEffectsOnFiber (node_modules\react-native\Libraries\Renderer\implementations\ReactFabric-dev.js)
  recursivelyTraverseMutationEffects (node_modules\react-native\Libraries\Renderer\implementations\ReactFabric-dev.js)
  commitMutationEffectsOnFiber (node_modules\react-native\Libraries\Renderer\implementations\ReactFabric-dev.js)
  recursivelyTraverseMutationEffects (node_modules\react-native\Libraries\Renderer\implementations\ReactFabric-dev.js)
  commitMutationEffectsOnFiber (node_modules\react-native\Libraries\Renderer\implementations\ReactFabric-dev.js)
  recursivelyTraverseMutationEffects (node_modules\react-native\Libraries\Renderer\implementations\ReactFabric-dev.js)
  commitMutationEffectsOnFiber (node_modules\react-native\Libraries\Renderer\implementations\ReactFabric-dev.js)
  recursivelyTraverseMutationEffects (node_modules\react-native\Libraries\Renderer\implementations\ReactFabric-dev.js)
  commitMutationEffectsOnFiber (node_modules\react-native\Libraries\Renderer\implementations\ReactFabric-dev.js)
  recursivelyTraverseMutationEffects (node_modules\react-native\Libraries\Renderer\implementations\ReactFabric-dev.js)
  commitMutationEffectsOnFiber (node_modules\react-native\Libraries\Renderer\implementations\ReactFabric-dev.js)
  recursivelyTraverseMutationEffects (node_modules\react-native\Libraries\Renderer\implementations\ReactFabric-dev.js)
  commitMutationEffectsOnFiber (node_modules\react-native\Libraries\Renderer\implementations\ReactFabric-dev.js)
  recursivelyTraverseMutationEffects (node_modules\react-native\Libraries\Renderer\implementations\ReactFabric-dev.js)
  commitMutationEffectsOnFiber (node_modules\react-native\Libraries\Renderer\implementations\ReactFabric-dev.js)
  recursivelyTraverseMutationEffects (node_modules\react-native\Libraries\Renderer\implementations\ReactFabric-dev.js)
  commitMutationEffectsOnFiber (node_modules\react-native\Libraries\Renderer\implementations\ReactFabric-dev.js)
  recursivelyTraverseMutationEffects (node_modules\react-native\Libraries\Renderer\implementations\ReactFabric-dev.js)
  commitMutationEffectsOnFiber (node_modules\react-native\Libraries\Renderer\implementations\ReactFabric-dev.js)
  recursivelyTraverseMutationEffects (node_modules\react-native\Libraries\Renderer\implementations\ReactFabric-dev.js)
  commitMutationEffectsOnFiber (node_modules\react-native\Libraries\Renderer\implementations\ReactFabric-dev.js)
  recursivelyTraverseMutationEffects (node_modules\react-native\Libraries\Renderer\implementations\ReactFabric-dev.js)
  commitMutationEffectsOnFiber (node_modules\react-native\Libraries\Renderer\implementations\ReactFabric-dev.js)
  recursivelyTraverseMutationEffects (node_modules\react-native\Libraries\Renderer\implementations\ReactFabric-dev.js)
  commitMutationEffectsOnFiber (node_modules\react-native\Libraries\Renderer\implementations\ReactFabric-dev.js)
  recursivelyTraverseMutationEffects (node_modules\react-native\Libraries\Renderer\implementations\ReactFabric-dev.js)
  commitMutationEffectsOnFiber (node_modules\react-native\Libraries\Renderer\implementations\ReactFabric-dev.js)
  recursivelyTraverseMutationEffects (node_modules\react-native\Libraries\Renderer\implementations\ReactFabric-dev.js)
  commitMutationEffectsOnFiber (node_modules\react-native\Libraries\Renderer\implementations\ReactFabric-dev.js)
  recursivelyTraverseMutationEffects (node_modules\react-native\Libraries\Renderer\implementations\ReactFabric-dev.js)
  commitMutationEffectsOnFiber (node_modules\react-native\Libraries\Renderer\implementations\ReactFabric-dev.js)
  recursivelyTraverseMutationEffects (node_modules\react-native\Libraries\Renderer\implementations\ReactFabric-dev.js)
  commitMutationEffectsOnFiber (node_modules\react-native\Libraries\Renderer\implementations\ReactFabric-dev.js)
  recursivelyTraverseMutationEffects (node_modules\react-native\Libraries\Renderer\implementations\ReactFabric-dev.js)
  commitMutationEffectsOnFiber (node_modules\react-native\Libraries\Renderer\implementations\ReactFabric-dev.js)
  recursivelyTraverseMutationEffects (node_modules\react-native\Libraries\Renderer\implementations\ReactFabric-dev.js)
  commitMutationEffectsOnFiber (node_modules\react-native\Libraries\Renderer\implementations\ReactFabric-dev.js)
  recursivelyTraverseMutationEffects (node_modules\react-native\Libraries\Renderer\implementations\ReactFabric-dev.js)
  commitMutationEffectsOnFiber (node_modules\react-native\Libraries\Renderer\implementations\ReactFabric-dev.js)
  recursivelyTraverseMutationEffects (node_modules\react-native\Libraries\Renderer\implementations\ReactFabric-dev.js)
  commitMutationEffectsOnFiber (node_modules\react-native\Libraries\Renderer\implementations\ReactFabric-dev.js)
  recursivelyTraverseMutationEffects (node_modules\react-native\Libraries\Renderer\implementations\ReactFabric-dev.js)
  commitMutationEffectsOnFiber (node_modules\react-native\Libraries\Renderer\implementations\ReactFabric-dev.js)
  recursivelyTraverseMutationEffects (node_modules\react-native\Libraries\Renderer\implementations\ReactFabric-dev.js)
  commitMutationEffectsOnFiber (node_modules\react-native\Libraries\Renderer\implementations\ReactFabric-dev.js)
  flushMutationEffects (node_modules\react-native\Libraries\Renderer\implementations\ReactFabric-dev.js)
  commitRoot (node_modules\react-native\Libraries\Renderer\implementations\ReactFabric-dev.js)
  commitRootWhenReady (node_modules\react-native\Libraries\Renderer\implementations\ReactFabric-dev.js)
  performWorkOnRoot (node_modules\react-native\Libraries\Renderer\implementations\ReactFabric-dev.js)
  performSyncWorkOnRoot (node_modules\react-native\Libraries\Renderer\implementations\ReactFabric-dev.js)
  flushSyncWorkAcrossRoots_impl (node_modules\react-native\Libraries\Renderer\implementations\ReactFabric-dev.js)
  processRootScheduleInMicrotask (node_modules\react-native\Libraries\Renderer\implementations\ReactFabric-dev.js)
  scheduleMicrotask$argument_0 (node_modules\react-native\Libraries\Renderer\implementations\ReactFabric-dev.js) 

Call Stack
  call (<native>)
  apply (<native>)
  <anonymous> (node_modules\react-native-css-interop\dist\runtime\wrap-jsx.js)
  slides.map$argument_0 (app\onboarding.jsx)
  map (<native>)
  Onboarding (app\onboarding.jsx)
  call (<native>)
  apply (<native>)
  <anonymous> (node_modules\react-native-css-interop\dist\runtime\wrap-jsx.js)
  BaseRoute (node_modules\expo-router\build\useScreens.js)
  SceneView (node_modules\@react-navigation\core\lib\module\SceneView.js)
  render (node_modules\@react-navigation\core\lib\module\useDescriptors.js)
  routes.reduce$argument_0 (node_modules\@react-navigation\core\lib\module\useDescriptors.js)
  reduce (<native>)
  useDescriptors (node_modules\@react-navigation\core\lib\module\useDescriptors.js)
  useNavigationBuilder (node_modules\@react-navigation\core\lib\module\useNavigationBuilder.js)
  NativeStackNavigator (node_modules\expo-router\build\fork\native-stack\createNativeStackNavigator.js)
  call (<native>)
  apply (<native>)
  <anonymous> (node_modules\react-native-css-interop\dist\runtime\wrap-jsx.js)
  <anonymous> (node_modules\expo-router\build\layouts\withLayoutContext.js)
  call (<native>)
  apply (<native>)
  <anonymous> (node_modules\react-native-css-interop\dist\runtime\wrap-jsx.js)
  Object.assign$argument_0 (node_modules\expo-router\build\layouts\StackClient.js)
  call (<native>)
  apply (<native>)
  <anonymous> (node_modules\react-native-css-interop\dist\runtime\wrap-jsx.js)
  RootLayout (app\_layout.jsx)
  call (<native>)
  apply (<native>)
  <anonymous> (node_modules\react-native-css-interop\dist\runtime\wrap-jsx.js)
  BaseRoute (node_modules\expo-router\build\useScreens.js)
  SceneView (node_modules\@react-navigation\core\lib\module\SceneView.js)
  render (node_modules\@react-navigation\core\lib\module\useDescriptors.js)
  routes.reduce$argument_0 (node_modules\@react-navigation\core\lib\module\useDescriptors.js)
  reduce (<native>)
  useDescriptors (node_modules\@react-navigation\core\lib\module\useDescriptors.js)
  useNavigationBuilder (node_modules\@react-navigation\core\lib\module\useNavigationBuilder.js)
  Content (node_modules\expo-router\build\ExpoRoot.js)
  call (<native>)
  apply (<native>)
  <anonymous> (node_modules\react-native-css-interop\dist\runtime\wrap-jsx.js)
  ContextNavigator (node_modules\expo-router\build\ExpoRoot.js)
  call (<native>)
  apply (<native>)
  <anonymous> (node_modules\react-native-css-interop\dist\runtime\wrap-jsx.js)
  ExpoRoot (node_modules\expo-router\build\ExpoRoot.js)
  call (<native>)
  apply (<native>)
  <anonymous> (node_modules\react-native-css-interop\dist\runtime\wrap-jsx.js)
  App (node_modules\expo-router\build\qualified-entry.js)
  call (<native>)
  apply (<native>)
  <anonymous> (node_modules\react-native-css-interop\dist\runtime\wrap-jsx.js)
  WithDevTools (node_modules\expo\src\launch\withDevTools.tsx)
 ERROR  Style property 'width' is not supported by native animated module 

Call Stack
  construct (<native>)
  apply (<native>)
  _construct (node_modules\@babel\runtime\helpers\construct.js)
  Wrapper (node_modules\@babel\runtime\helpers\wrapNativeSuper.js)
  construct (<native>)
  _callSuper (node_modules\@babel\runtime\helpers\callSuper.js)
  NamelessError (node_modules\@expo\metro-runtime\src\metroServerLogs.native.ts)
  captureCurrentStack (node_modules\@expo\metro-runtime\src\metroServerLogs.native.ts)
  HMRClient.log (node_modules\@expo\metro-runtime\src\metroServerLogs.native.ts)
  console.level (node_modules\react-native\Libraries\Core\setUpDeveloperTools.js)
  validateStyles (node_modules\react-native\src\private\animated\NativeAnimatedValidation.js)
  __getNativeConfig (node_modules\react-native\Libraries\Animated\nodes\AnimatedStyle.js)
  __getNativeTag (node_modules\react-native\Libraries\Animated\nodes\AnimatedNode.js)
  __addChild (node_modules\react-native\Libraries\Animated\nodes\AnimatedWithChildren.js)
  __attach (node_modules\react-native\Libraries\Animated\nodes\AnimatedStyle.js)
  __addChild (node_modules\react-native\Libraries\Animated\nodes\AnimatedWithChildren.js)
  __attach (node_modules\react-native\Libraries\Animated\nodes\AnimatedProps.js)
  useInsertionEffect$argument_0 (node_modules\react-native\src\private\animated\createAnimatedPropsHook.js)
  callCreate.reactStackBottomFrame (node_modules\react-native\Libraries\Renderer\implementations\ReactFabric-dev.js)
  runWithFiberInDEV (node_modules\react-native\Libraries\Renderer\implementations\ReactFabric-dev.js)
  commitHookEffectListMount (node_modules\react-native\Libraries\Renderer\implementations\ReactFabric-dev.js)
  commitMutationEffectsOnFiber (node_modules\react-native\Libraries\Renderer\implementations\ReactFabric-dev.js)
  recursivelyTraverseMutationEffects (node_modules\react-native\Libraries\Renderer\implementations\ReactFabric-dev.js)
  commitMutationEffectsOnFiber (node_modules\react-native\Libraries\Renderer\implementations\ReactFabric-dev.js)
  recursivelyTraverseMutationEffects (node_modules\react-native\Libraries\Renderer\implementations\ReactFabric-dev.js)
  commitMutationEffectsOnFiber (node_modules\react-native\Libraries\Renderer\implementations\ReactFabric-dev.js)
  recursivelyTraverseMutationEffects (node_modules\react-native\Libraries\Renderer\implementations\ReactFabric-dev.js)
  commitMutationEffectsOnFiber (node_modules\react-native\Libraries\Renderer\implementations\ReactFabric-dev.js)
  recursivelyTraverseMutationEffects (node_modules\react-native\Libraries\Renderer\implementations\ReactFabric-dev.js)
  commitMutationEffectsOnFiber (node_modules\react-native\Libraries\Renderer\implementations\ReactFabric-dev.js)
  recursivelyTraverseMutationEffects (node_modules\react-native\Libraries\Renderer\implementations\ReactFabric-dev.js)
  commitMutationEffectsOnFiber (node_modules\react-native\Libraries\Renderer\implementations\ReactFabric-dev.js)
  recursivelyTraverseMutationEffects (node_modules\react-native\Libraries\Renderer\implementations\ReactFabric-dev.js)
  commitMutationEffectsOnFiber (node_modules\react-native\Libraries\Renderer\implementations\ReactFabric-dev.js)
  recursivelyTraverseMutationEffects (node_modules\react-native\Libraries\Renderer\implementations\ReactFabric-dev.js)
  commitMutationEffectsOnFiber (node_modules\react-native\Libraries\Renderer\implementations\ReactFabric-dev.js)
  recursivelyTraverseMutationEffects (node_modules\react-native\Libraries\Renderer\implementations\ReactFabric-dev.js)
  commitMutationEffectsOnFiber (node_modules\react-native\Libraries\Renderer\implementations\ReactFabric-dev.js)
  recursivelyTraverseMutationEffects (node_modules\react-native\Libraries\Renderer\implementations\ReactFabric-dev.js)
  commitMutationEffectsOnFiber (node_modules\react-native\Libraries\Renderer\implementations\ReactFabric-dev.js)
  recursivelyTraverseMutationEffects (node_modules\react-native\Libraries\Renderer\implementations\ReactFabric-dev.js)
  commitMutationEffectsOnFiber (node_modules\react-native\Libraries\Renderer\implementations\ReactFabric-dev.js)
  recursivelyTraverseMutationEffects (node_modules\react-native\Libraries\Renderer\implementations\ReactFabric-dev.js)
  commitMutationEffectsOnFiber (node_modules\react-native\Libraries\Renderer\implementations\ReactFabric-dev.js)
  recursivelyTraverseMutationEffects (node_modules\react-native\Libraries\Renderer\implementations\ReactFabric-dev.js)
  commitMutationEffectsOnFiber (node_modules\react-native\Libraries\Renderer\implementations\ReactFabric-dev.js)
  recursivelyTraverseMutationEffects (node_modules\react-native\Libraries\Renderer\implementations\ReactFabric-dev.js)
  commitMutationEffectsOnFiber (node_modules\react-native\Libraries\Renderer\implementations\ReactFabric-dev.js)
  recursivelyTraverseMutationEffects (node_modules\react-native\Libraries\Renderer\implementations\ReactFabric-dev.js)
  commitMutationEffectsOnFiber (node_modules\react-native\Libraries\Renderer\implementations\ReactFabric-dev.js)
  recursivelyTraverseMutationEffects (node_modules\react-native\Libraries\Renderer\implementations\ReactFabric-dev.js)
  commitMutationEffectsOnFiber (node_modules\react-native\Libraries\Renderer\implementations\ReactFabric-dev.js)
  recursivelyTraverseMutationEffects (node_modules\react-native\Libraries\Renderer\implementations\ReactFabric-dev.js)
  commitMutationEffectsOnFiber (node_modules\react-native\Libraries\Renderer\implementations\ReactFabric-dev.js)
  recursivelyTraverseMutationEffects (node_modules\react-native\Libraries\Renderer\implementations\ReactFabric-dev.js)
  commitMutationEffectsOnFiber (node_modules\react-native\Libraries\Renderer\implementations\ReactFabric-dev.js)
  recursivelyTraverseMutationEffects (node_modules\react-native\Libraries\Renderer\implementations\ReactFabric-dev.js)
  commitMutationEffectsOnFiber (node_modules\react-native\Libraries\Renderer\implementations\ReactFabric-dev.js)
  recursivelyTraverseMutationEffects (node_modules\react-native\Libraries\Renderer\implementations\ReactFabric-dev.js)
  commitMutationEffectsOnFiber (node_modules\react-native\Libraries\Renderer\implementations\ReactFabric-dev.js)
  recursivelyTraverseMutationEffects (node_modules\react-native\Libraries\Renderer\implementations\ReactFabric-dev.js)
  commitMutationEffectsOnFiber (node_modules\react-native\Libraries\Renderer\implementations\ReactFabric-dev.js)
  recursivelyTraverseMutationEffects (node_modules\react-native\Libraries\Renderer\implementations\ReactFabric-dev.js)
  commitMutationEffectsOnFiber (node_modules\react-native\Libraries\Renderer\implementations\ReactFabric-dev.js)
  recursivelyTraverseMutationEffects (node_modules\react-native\Libraries\Renderer\implementations\ReactFabric-dev.js)
  commitMutationEffectsOnFiber (node_modules\react-native\Libraries\Renderer\implementations\ReactFabric-dev.js)
  recursivelyTraverseMutationEffects (node_modules\react-native\Libraries\Renderer\implementations\ReactFabric-dev.js)
  commitMutationEffectsOnFiber (node_modules\react-native\Libraries\Renderer\implementations\ReactFabric-dev.js)
  recursivelyTraverseMutationEffects (node_modules\react-native\Libraries\Renderer\implementations\ReactFabric-dev.js)
  commitMutationEffectsOnFiber (node_modules\react-native\Libraries\Renderer\implementations\ReactFabric-dev.js)
  recursivelyTraverseMutationEffects (node_modules\react-native\Libraries\Renderer\implementations\ReactFabric-dev.js)
  commitMutationEffectsOnFiber (node_modules\react-native\Libraries\Renderer\implementations\ReactFabric-dev.js)
  recursivelyTraverseMutationEffects (node_modules\react-native\Libraries\Renderer\implementations\ReactFabric-dev.js)
  commitMutationEffectsOnFiber (node_modules\react-native\Libraries\Renderer\implementations\ReactFabric-dev.js)
  recursivelyTraverseMutationEffects (node_modules\react-native\Libraries\Renderer\implementations\ReactFabric-dev.js)
  commitMutationEffectsOnFiber (node_modules\react-native\Libraries\Renderer\implementations\ReactFabric-dev.js)
  recursivelyTraverseMutationEffects (node_modules\react-native\Libraries\Renderer\implementations\ReactFabric-dev.js)
  commitMutationEffectsOnFiber (node_modules\react-native\Libraries\Renderer\implementations\ReactFabric-dev.js)
  recursivelyTraverseMutationEffects (node_modules\react-native\Libraries\Renderer\implementations\ReactFabric-dev.js)
  commitMutationEffectsOnFiber (node_modules\react-native\Libraries\Renderer\implementations\ReactFabric-dev.js)
  recursivelyTraverseMutationEffects (node_modules\react-native\Libraries\Renderer\implementations\ReactFabric-dev.js)
  commitMutationEffectsOnFiber (node_modules\react-native\Libraries\Renderer\implementations\ReactFabric-dev.js)
  recursivelyTraverseMutationEffects (node_modules\react-native\Libraries\Renderer\implementations\ReactFabric-dev.js)
  commitMutationEffectsOnFiber (node_modules\react-native\Libraries\Renderer\implementations\ReactFabric-dev.js)
  recursivelyTraverseMutationEffects (node_modules\react-native\Libraries\Renderer\implementations\ReactFabric-dev.js)
  commitMutationEffectsOnFiber (node_modules\react-native\Libraries\Renderer\implementations\ReactFabric-dev.js)
  recursivelyTraverseMutationEffects (node_modules\react-native\Libraries\Renderer\implementations\ReactFabric-dev.js)
  commitMutationEffectsOnFiber (node_modules\react-native\Libraries\Renderer\implementations\ReactFabric-dev.js)
  recursivelyTraverseMutationEffects (node_modules\react-native\Libraries\Renderer\implementations\ReactFabric-dev.js)
  commitMutationEffectsOnFiber (node_modules\react-native\Libraries\Renderer\implementations\ReactFabric-dev.js)
  recursivelyTraverseMutationEffects (node_modules\react-native\Libraries\Renderer\implementations\ReactFabric-dev.js)
  commitMutationEffectsOnFiber (node_modules\react-native\Libraries\Renderer\implementations\ReactFabric-dev.js)
  flushMutationEffects (node_modules\react-native\Libraries\Renderer\implementations\ReactFabric-dev.js)
  commitRoot (node_modules\react-native\Libraries\Renderer\implementations\ReactFabric-dev.js)
  commitRootWhenReady (node_modules\react-native\Libraries\Renderer\implementations\ReactFabric-dev.js)
  performWorkOnRoot (node_modules\react-native\Libraries\Renderer\implementations\ReactFabric-dev.js)
  performSyncWorkOnRoot (node_modules\react-native\Libraries\Renderer\implementations\ReactFabric-dev.js)
  flushSyncWorkAcrossRoots_impl (node_modules\react-native\Libraries\Renderer\implementations\ReactFabric-dev.js)
  processRootScheduleInMicrotask (node_modules\react-native\Libraries\Renderer\implementations\ReactFabric-dev.js)
  scheduleMicrotask$argument_0 (node_modules\react-native\Libraries\Renderer\implementations\ReactFabric-dev.js) 

Call Stack
  call (<native>)
  apply (<native>)
  <anonymous> (node_modules\react-native-css-interop\dist\runtime\wrap-jsx.js)
  slides.map$argument_0 (app\onboarding.jsx)
  map (<native>)
  Onboarding (app\onboarding.jsx)
  call (<native>)
  apply (<native>)
  <anonymous> (node_modules\react-native-css-interop\dist\runtime\wrap-jsx.js)
  BaseRoute (node_modules\expo-router\build\useScreens.js)
  SceneView (node_modules\@react-navigation\core\lib\module\SceneView.js)
  render (node_modules\@react-navigation\core\lib\module\useDescriptors.js)
  routes.reduce$argument_0 (node_modules\@react-navigation\core\lib\module\useDescriptors.js)
  reduce (<native>)
  useDescriptors (node_modules\@react-navigation\core\lib\module\useDescriptors.js)
  useNavigationBuilder (node_modules\@react-navigation\core\lib\module\useNavigationBuilder.js)
  NativeStackNavigator (node_modules\expo-router\build\fork\native-stack\createNativeStackNavigator.js)
  call (<native>)
  apply (<native>)
  <anonymous> (node_modules\react-native-css-interop\dist\runtime\wrap-jsx.js)
  <anonymous> (node_modules\expo-router\build\layouts\withLayoutContext.js)
  call (<native>)
  apply (<native>)
  <anonymous> (node_modules\react-native-css-interop\dist\runtime\wrap-jsx.js)
  Object.assign$argument_0 (node_modules\expo-router\build\layouts\StackClient.js)
  call (<native>)
  apply (<native>)
  <anonymous> (node_modules\react-native-css-interop\dist\runtime\wrap-jsx.js)
  RootLayout (app\_layout.jsx)
  call (<native>)
  apply (<native>)
  <anonymous> (node_modules\react-native-css-interop\dist\runtime\wrap-jsx.js)
  BaseRoute (node_modules\expo-router\build\useScreens.js)
  SceneView (node_modules\@react-navigation\core\lib\module\SceneView.js)
  render (node_modules\@react-navigation\core\lib\module\useDescriptors.js)
  routes.reduce$argument_0 (node_modules\@react-navigation\core\lib\module\useDescriptors.js)
  reduce (<native>)
  useDescriptors (node_modules\@react-navigation\core\lib\module\useDescriptors.js)
  useNavigationBuilder (node_modules\@react-navigation\core\lib\module\useNavigationBuilder.js)
  Content (node_modules\expo-router\build\ExpoRoot.js)
  call (<native>)
  apply (<native>)
  <anonymous> (node_modules\react-native-css-interop\dist\runtime\wrap-jsx.js)
  ContextNavigator (node_modules\expo-router\build\ExpoRoot.js)
  call (<native>)
  apply (<native>)
  <anonymous> (node_modules\react-native-css-interop\dist\runtime\wrap-jsx.js)
  ExpoRoot (node_modules\expo-router\build\ExpoRoot.js)
  call (<native>)
  apply (<native>)
  <anonymous> (node_modules\react-native-css-interop\dist\runtime\wrap-jsx.js)
  App (node_modules\expo-router\build\qualified-entry.js)
  call (<native>)
  apply (<native>)
  <anonymous> (node_modules\react-native-css-interop\dist\runtime\wrap-jsx.js)
  WithDevTools (node_modules\expo\src\launch\withDevTools.tsx)
 ERROR  Style property 'width' is not supported by native animated module 

Call Stack
  construct (<native>)
  apply (<native>)
  _construct (node_modules\@babel\runtime\helpers\construct.js)
  Wrapper (node_modules\@babel\runtime\helpers\wrapNativeSuper.js)
  construct (<native>)
  _callSuper (node_modules\@babel\runtime\helpers\callSuper.js)
  NamelessError (node_modules\@expo\metro-runtime\src\metroServerLogs.native.ts)
  captureCurrentStack (node_modules\@expo\metro-runtime\src\metroServerLogs.native.ts)
  HMRClient.log (node_modules\@expo\metro-runtime\src\metroServerLogs.native.ts)
  console.level (node_modules\react-native\Libraries\Core\setUpDeveloperTools.js)
  validateStyles (node_modules\react-native\src\private\animated\NativeAnimatedValidation.js)
  __getNativeConfig (node_modules\react-native\Libraries\Animated\nodes\AnimatedStyle.js)
  __getNativeTag (node_modules\react-native\Libraries\Animated\nodes\AnimatedNode.js)
  __addChild (node_modules\react-native\Libraries\Animated\nodes\AnimatedWithChildren.js)
  __attach (node_modules\react-native\Libraries\Animated\nodes\AnimatedStyle.js)
  __addChild (node_modules\react-native\Libraries\Animated\nodes\AnimatedWithChildren.js)
  __attach (node_modules\react-native\Libraries\Animated\nodes\AnimatedProps.js)
  useInsertionEffect$argument_0 (node_modules\react-native\src\private\animated\createAnimatedPropsHook.js)
  callCreate.reactStackBottomFrame (node_modules\react-native\Libraries\Renderer\implementations\ReactFabric-dev.js)
  runWithFiberInDEV (node_modules\react-native\Libraries\Renderer\implementations\ReactFabric-dev.js)
  commitHookEffectListMount (node_modules\react-native\Libraries\Renderer\implementations\ReactFabric-dev.js)
  commitMutationEffectsOnFiber (node_modules\react-native\Libraries\Renderer\implementations\ReactFabric-dev.js)
  recursivelyTraverseMutationEffects (node_modules\react-native\Libraries\Renderer\implementations\ReactFabric-dev.js)
  commitMutationEffectsOnFiber (node_modules\react-native\Libraries\Renderer\implementations\ReactFabric-dev.js)
  recursivelyTraverseMutationEffects (node_modules\react-native\Libraries\Renderer\implementations\ReactFabric-dev.js)
  commitMutationEffectsOnFiber (node_modules\react-native\Libraries\Renderer\implementations\ReactFabric-dev.js)
  recursivelyTraverseMutationEffects (node_modules\react-native\Libraries\Renderer\implementations\ReactFabric-dev.js)
  commitMutationEffectsOnFiber (node_modules\react-native\Libraries\Renderer\implementations\ReactFabric-dev.js)
  recursivelyTraverseMutationEffects (node_modules\react-native\Libraries\Renderer\implementations\ReactFabric-dev.js)
  commitMutationEffectsOnFiber (node_modules\react-native\Libraries\Renderer\implementations\ReactFabric-dev.js)
  recursivelyTraverseMutationEffects (node_modules\react-native\Libraries\Renderer\implementations\ReactFabric-dev.js)
  commitMutationEffectsOnFiber (node_modules\react-native\Libraries\Renderer\implementations\ReactFabric-dev.js)
  recursivelyTraverseMutationEffects (node_modules\react-native\Libraries\Renderer\implementations\ReactFabric-dev.js)
  commitMutationEffectsOnFiber (node_modules\react-native\Libraries\Renderer\implementations\ReactFabric-dev.js)
  recursivelyTraverseMutationEffects (node_modules\react-native\Libraries\Renderer\implementations\ReactFabric-dev.js)
  commitMutationEffectsOnFiber (node_modules\react-native\Libraries\Renderer\implementations\ReactFabric-dev.js)
  recursivelyTraverseMutationEffects (node_modules\react-native\Libraries\Renderer\implementations\ReactFabric-dev.js)
  commitMutationEffectsOnFiber (node_modules\react-native\Libraries\Renderer\implementations\ReactFabric-dev.js)
  recursivelyTraverseMutationEffects (node_modules\react-native\Libraries\Renderer\implementations\ReactFabric-dev.js)
  commitMutationEffectsOnFiber (node_modules\react-native\Libraries\Renderer\implementations\ReactFabric-dev.js)
  recursivelyTraverseMutationEffects (node_modules\react-native\Libraries\Renderer\implementations\ReactFabric-dev.js)
  commitMutationEffectsOnFiber (node_modules\react-native\Libraries\Renderer\implementations\ReactFabric-dev.js)
  recursivelyTraverseMutationEffects (node_modules\react-native\Libraries\Renderer\implementations\ReactFabric-dev.js)
  commitMutationEffectsOnFiber (node_modules\react-native\Libraries\Renderer\implementations\ReactFabric-dev.js)
  recursivelyTraverseMutationEffects (node_modules\react-native\Libraries\Renderer\implementations\ReactFabric-dev.js)
  commitMutationEffectsOnFiber (node_modules\react-native\Libraries\Renderer\implementations\ReactFabric-dev.js)
  recursivelyTraverseMutationEffects (node_modules\react-native\Libraries\Renderer\implementations\ReactFabric-dev.js)
  commitMutationEffectsOnFiber (node_modules\react-native\Libraries\Renderer\implementations\ReactFabric-dev.js)
  recursivelyTraverseMutationEffects (node_modules\react-native\Libraries\Renderer\implementations\ReactFabric-dev.js)
  commitMutationEffectsOnFiber (node_modules\react-native\Libraries\Renderer\implementations\ReactFabric-dev.js)
  recursivelyTraverseMutationEffects (node_modules\react-native\Libraries\Renderer\implementations\ReactFabric-dev.js)
  commitMutationEffectsOnFiber (node_modules\react-native\Libraries\Renderer\implementations\ReactFabric-dev.js)
  recursivelyTraverseMutationEffects (node_modules\react-native\Libraries\Renderer\implementations\ReactFabric-dev.js)
  commitMutationEffectsOnFiber (node_modules\react-native\Libraries\Renderer\implementations\ReactFabric-dev.js)
  recursivelyTraverseMutationEffects (node_modules\react-native\Libraries\Renderer\implementations\ReactFabric-dev.js)
  commitMutationEffectsOnFiber (node_modules\react-native\Libraries\Renderer\implementations\ReactFabric-dev.js)
  recursivelyTraverseMutationEffects (node_modules\react-native\Libraries\Renderer\implementations\ReactFabric-dev.js)
  commitMutationEffectsOnFiber (node_modules\react-native\Libraries\Renderer\implementations\ReactFabric-dev.js)
  recursivelyTraverseMutationEffects (node_modules\react-native\Libraries\Renderer\implementations\ReactFabric-dev.js)
  commitMutationEffectsOnFiber (node_modules\react-native\Libraries\Renderer\implementations\ReactFabric-dev.js)
  recursivelyTraverseMutationEffects (node_modules\react-native\Libraries\Renderer\implementations\ReactFabric-dev.js)
  commitMutationEffectsOnFiber (node_modules\react-native\Libraries\Renderer\implementations\ReactFabric-dev.js)
  recursivelyTraverseMutationEffects (node_modules\react-native\Libraries\Renderer\implementations\ReactFabric-dev.js)
  commitMutationEffectsOnFiber (node_modules\react-native\Libraries\Renderer\implementations\ReactFabric-dev.js)
  recursivelyTraverseMutationEffects (node_modules\react-native\Libraries\Renderer\implementations\ReactFabric-dev.js)
  commitMutationEffectsOnFiber (node_modules\react-native\Libraries\Renderer\implementations\ReactFabric-dev.js)
  recursivelyTraverseMutationEffects (node_modules\react-native\Libraries\Renderer\implementations\ReactFabric-dev.js)
  commitMutationEffectsOnFiber (node_modules\react-native\Libraries\Renderer\implementations\ReactFabric-dev.js)
  recursivelyTraverseMutationEffects (node_modules\react-native\Libraries\Renderer\implementations\ReactFabric-dev.js)
  commitMutationEffectsOnFiber (node_modules\react-native\Libraries\Renderer\implementations\ReactFabric-dev.js)
  recursivelyTraverseMutationEffects (node_modules\react-native\Libraries\Renderer\implementations\ReactFabric-dev.js)
  commitMutationEffectsOnFiber (node_modules\react-native\Libraries\Renderer\implementations\ReactFabric-dev.js)
  recursivelyTraverseMutationEffects (node_modules\react-native\Libraries\Renderer\implementations\ReactFabric-dev.js)
  commitMutationEffectsOnFiber (node_modules\react-native\Libraries\Renderer\implementations\ReactFabric-dev.js)
  recursivelyTraverseMutationEffects (node_modules\react-native\Libraries\Renderer\implementations\ReactFabric-dev.js)
  commitMutationEffectsOnFiber (node_modules\react-native\Libraries\Renderer\implementations\ReactFabric-dev.js)
  recursivelyTraverseMutationEffects (node_modules\react-native\Libraries\Renderer\implementations\ReactFabric-dev.js)
  commitMutationEffectsOnFiber (node_modules\react-native\Libraries\Renderer\implementations\ReactFabric-dev.js)
  recursivelyTraverseMutationEffects (node_modules\react-native\Libraries\Renderer\implementations\ReactFabric-dev.js)
  commitMutationEffectsOnFiber (node_modules\react-native\Libraries\Renderer\implementations\ReactFabric-dev.js)
  recursivelyTraverseMutationEffects (node_modules\react-native\Libraries\Renderer\implementations\ReactFabric-dev.js)
  commitMutationEffectsOnFiber (node_modules\react-native\Libraries\Renderer\implementations\ReactFabric-dev.js)
  recursivelyTraverseMutationEffects (node_modules\react-native\Libraries\Renderer\implementations\ReactFabric-dev.js)
  commitMutationEffectsOnFiber (node_modules\react-native\Libraries\Renderer\implementations\ReactFabric-dev.js)
  recursivelyTraverseMutationEffects (node_modules\react-native\Libraries\Renderer\implementations\ReactFabric-dev.js)
  commitMutationEffectsOnFiber (node_modules\react-native\Libraries\Renderer\implementations\ReactFabric-dev.js)
  recursivelyTraverseMutationEffects (node_modules\react-native\Libraries\Renderer\implementations\ReactFabric-dev.js)
  commitMutationEffectsOnFiber (node_modules\react-native\Libraries\Renderer\implementations\ReactFabric-dev.js)
  recursivelyTraverseMutationEffects (node_modules\react-native\Libraries\Renderer\implementations\ReactFabric-dev.js)
  commitMutationEffectsOnFiber (node_modules\react-native\Libraries\Renderer\implementations\ReactFabric-dev.js)
  recursivelyTraverseMutationEffects (node_modules\react-native\Libraries\Renderer\implementations\ReactFabric-dev.js)
  commitMutationEffectsOnFiber (node_modules\react-native\Libraries\Renderer\implementations\ReactFabric-dev.js)
  flushMutationEffects (node_modules\react-native\Libraries\Renderer\implementations\ReactFabric-dev.js)
  commitRoot (node_modules\react-native\Libraries\Renderer\implementations\ReactFabric-dev.js)
  commitRootWhenReady (node_modules\react-native\Libraries\Renderer\implementations\ReactFabric-dev.js)
  performWorkOnRoot (node_modules\react-native\Libraries\Renderer\implementations\ReactFabric-dev.js)
  performSyncWorkOnRoot (node_modules\react-native\Libraries\Renderer\implementations\ReactFabric-dev.js)
  flushSyncWorkAcrossRoots_impl (node_modules\react-native\Libraries\Renderer\implementations\ReactFabric-dev.js)
  processRootScheduleInMicrotask (node_modules\react-native\Libraries\Renderer\implementations\ReactFabric-dev.js)
  scheduleMicrotask$argument_0 (node_modules\react-native\Libraries\Renderer\implementations\ReactFabric-dev.js) 

Call Stack
  call (<native>)
  apply (<native>)
  <anonymous> (node_modules\react-native-css-interop\dist\runtime\wrap-jsx.js)
  slides.map$argument_0 (app\onboarding.jsx)
  map (<native>)
  Onboarding (app\onboarding.jsx)
  call (<native>)
  apply (<native>)
  <anonymous> (node_modules\react-native-css-interop\dist\runtime\wrap-jsx.js)
  BaseRoute (node_modules\expo-router\build\useScreens.js)
  SceneView (node_modules\@react-navigation\core\lib\module\SceneView.js)
  render (node_modules\@react-navigation\core\lib\module\useDescriptors.js)
  routes.reduce$argument_0 (node_modules\@react-navigation\core\lib\module\useDescriptors.js)
  reduce (<native>)
  useDescriptors (node_modules\@react-navigation\core\lib\module\useDescriptors.js)
  useNavigationBuilder (node_modules\@react-navigation\core\lib\module\useNavigationBuilder.js)
  NativeStackNavigator (node_modules\expo-router\build\fork\native-stack\createNativeStackNavigator.js)
  call (<native>)
  apply (<native>)
  <anonymous> (node_modules\react-native-css-interop\dist\runtime\wrap-jsx.js)
  <anonymous> (node_modules\expo-router\build\layouts\withLayoutContext.js)
  call (<native>)
  apply (<native>)
  <anonymous> (node_modules\react-native-css-interop\dist\runtime\wrap-jsx.js)
  Object.assign$argument_0 (node_modules\expo-router\build\layouts\StackClient.js)
  call (<native>)
  apply (<native>)
  <anonymous> (node_modules\react-native-css-interop\dist\runtime\wrap-jsx.js)
  RootLayout (app\_layout.jsx)
  call (<native>)
  apply (<native>)
  <anonymous> (node_modules\react-native-css-interop\dist\runtime\wrap-jsx.js)
  BaseRoute (node_modules\expo-router\build\useScreens.js)
  SceneView (node_modules\@react-navigation\core\lib\module\SceneView.js)
  render (node_modules\@react-navigation\core\lib\module\useDescriptors.js)
  routes.reduce$argument_0 (node_modules\@react-navigation\core\lib\module\useDescriptors.js)
  reduce (<native>)
  useDescriptors (node_modules\@react-navigation\core\lib\module\useDescriptors.js)
  useNavigationBuilder (node_modules\@react-navigation\core\lib\module\useNavigationBuilder.js)
  Content (node_modules\expo-router\build\ExpoRoot.js)
  call (<native>)
  apply (<native>)
  <anonymous> (node_modules\react-native-css-interop\dist\runtime\wrap-jsx.js)
  ContextNavigator (node_modules\expo-router\build\ExpoRoot.js)
  call (<native>)
  apply (<native>)
  <anonymous> (node_modules\react-native-css-interop\dist\runtime\wrap-jsx.js)
  ExpoRoot (node_modules\expo-router\build\ExpoRoot.js)
  call (<native>)
  apply (<native>)
  <anonymous> (node_modules\react-native-css-interop\dist\runtime\wrap-jsx.js)
  App (node_modules\expo-router\build\qualified-entry.js)
  call (<native>)
  apply (<native>)
  <anonymous> (node_modules\react-native-css-interop\dist\runtime\wrap-jsx.js)
  WithDevTools (node_modules\expo\src\launch\withDevTools.tsx)
 ERROR  Style property 'width' is not supported by native animated module 

Call Stack
  construct (<native>)
  apply (<native>)
  _construct (node_modules\@babel\runtime\helpers\construct.js)
  Wrapper (node_modules\@babel\runtime\helpers\wrapNativeSuper.js)
  construct (<native>)
  _callSuper (node_modules\@babel\runtime\helpers\callSuper.js)
  NamelessError (node_modules\@expo\metro-runtime\src\metroServerLogs.native.ts)
  captureCurrentStack (node_modules\@expo\metro-runtime\src\metroServerLogs.native.ts)
  HMRClient.log (node_modules\@expo\metro-runtime\src\metroServerLogs.native.ts)
  console.level (node_modules\react-native\Libraries\Core\setUpDeveloperTools.js)
  validateStyles (node_modules\react-native\src\private\animated\NativeAnimatedValidation.js)
  __getNativeConfig (node_modules\react-native\Libraries\Animated\nodes\AnimatedStyle.js)
  __getNativeTag (node_modules\react-native\Libraries\Animated\nodes\AnimatedNode.js)
  __addChild (node_modules\react-native\Libraries\Animated\nodes\AnimatedWithChildren.js)
  __attach (node_modules\react-native\Libraries\Animated\nodes\AnimatedStyle.js)
  __addChild (node_modules\react-native\Libraries\Animated\nodes\AnimatedWithChildren.js)
  __attach (node_modules\react-native\Libraries\Animated\nodes\AnimatedProps.js)
  useInsertionEffect$argument_0 (node_modules\react-native\src\private\animated\createAnimatedPropsHook.js)
  callCreate.reactStackBottomFrame (node_modules\react-native\Libraries\Renderer\implementations\ReactFabric-dev.js)
  runWithFiberInDEV (node_modules\react-native\Libraries\Renderer\implementations\ReactFabric-dev.js)
  commitHookEffectListMount (node_modules\react-native\Libraries\Renderer\implementations\ReactFabric-dev.js)
  commitMutationEffectsOnFiber (node_modules\react-native\Libraries\Renderer\implementations\ReactFabric-dev.js)
  recursivelyTraverseMutationEffects (node_modules\react-native\Libraries\Renderer\implementations\ReactFabric-dev.js)
  commitMutationEffectsOnFiber (node_modules\react-native\Libraries\Renderer\implementations\ReactFabric-dev.js)
  recursivelyTraverseMutationEffects (node_modules\react-native\Libraries\Renderer\implementations\ReactFabric-dev.js)
  commitMutationEffectsOnFiber (node_modules\react-native\Libraries\Renderer\implementations\ReactFabric-dev.js)
  recursivelyTraverseMutationEffects (node_modules\react-native\Libraries\Renderer\implementations\ReactFabric-dev.js)
  commitMutationEffectsOnFiber (node_modules\react-native\Libraries\Renderer\implementations\ReactFabric-dev.js)
  recursivelyTraverseMutationEffects (node_modules\react-native\Libraries\Renderer\implementations\ReactFabric-dev.js)
  commitMutationEffectsOnFiber (node_modules\react-native\Libraries\Renderer\implementations\ReactFabric-dev.js)
  recursivelyTraverseMutationEffects (node_modules\react-native\Libraries\Renderer\implementations\ReactFabric-dev.js)
  commitMutationEffectsOnFiber (node_modules\react-native\Libraries\Renderer\implementations\ReactFabric-dev.js)
  recursivelyTraverseMutationEffects (node_modules\react-native\Libraries\Renderer\implementations\ReactFabric-dev.js)
  commitMutationEffectsOnFiber (node_modules\react-native\Libraries\Renderer\implementations\ReactFabric-dev.js)
  recursivelyTraverseMutationEffects (node_modules\react-native\Libraries\Renderer\implementations\ReactFabric-dev.js)
  commitMutationEffectsOnFiber (node_modules\react-native\Libraries\Renderer\implementations\ReactFabric-dev.js)
  recursivelyTraverseMutationEffects (node_modules\react-native\Libraries\Renderer\implementations\ReactFabric-dev.js)
  commitMutationEffectsOnFiber (node_modules\react-native\Libraries\Renderer\implementations\ReactFabric-dev.js)
  recursivelyTraverseMutationEffects (node_modules\react-native\Libraries\Renderer\implementations\ReactFabric-dev.js)
  commitMutationEffectsOnFiber (node_modules\react-native\Libraries\Renderer\implementations\ReactFabric-dev.js)
  recursivelyTraverseMutationEffects (node_modules\react-native\Libraries\Renderer\implementations\ReactFabric-dev.js)
  commitMutationEffectsOnFiber (node_modules\react-native\Libraries\Renderer\implementations\ReactFabric-dev.js)
  recursivelyTraverseMutationEffects (node_modules\react-native\Libraries\Renderer\implementations\ReactFabric-dev.js)
  commitMutationEffectsOnFiber (node_modules\react-native\Libraries\Renderer\implementations\ReactFabric-dev.js)
  recursivelyTraverseMutationEffects (node_modules\react-native\Libraries\Renderer\implementations\ReactFabric-dev.js)
  commitMutationEffectsOnFiber (node_modules\react-native\Libraries\Renderer\implementations\ReactFabric-dev.js)
  recursivelyTraverseMutationEffects (node_modules\react-native\Libraries\Renderer\implementations\ReactFabric-dev.js)
  commitMutationEffectsOnFiber (node_modules\react-native\Libraries\Renderer\implementations\ReactFabric-dev.js)
  recursivelyTraverseMutationEffects (node_modules\react-native\Libraries\Renderer\implementations\ReactFabric-dev.js)
  commitMutationEffectsOnFiber (node_modules\react-native\Libraries\Renderer\implementations\ReactFabric-dev.js)
  recursivelyTraverseMutationEffects (node_modules\react-native\Libraries\Renderer\implementations\ReactFabric-dev.js)
  commitMutationEffectsOnFiber (node_modules\react-native\Libraries\Renderer\implementations\ReactFabric-dev.js)
  recursivelyTraverseMutationEffects (node_modules\react-native\Libraries\Renderer\implementations\ReactFabric-dev.js)
  commitMutationEffectsOnFiber (node_modules\react-native\Libraries\Renderer\implementations\ReactFabric-dev.js)
  recursivelyTraverseMutationEffects (node_modules\react-native\Libraries\Renderer\implementations\ReactFabric-dev.js)
  commitMutationEffectsOnFiber (node_modules\react-native\Libraries\Renderer\implementations\ReactFabric-dev.js)
  recursivelyTraverseMutationEffects (node_modules\react-native\Libraries\Renderer\implementations\ReactFabric-dev.js)
  commitMutationEffectsOnFiber (node_modules\react-native\Libraries\Renderer\implementations\ReactFabric-dev.js)
  recursivelyTraverseMutationEffects (node_modules\react-native\Libraries\Renderer\implementations\ReactFabric-dev.js)
  commitMutationEffectsOnFiber (node_modules\react-native\Libraries\Renderer\implementations\ReactFabric-dev.js)
  recursivelyTraverseMutationEffects (node_modules\react-native\Libraries\Renderer\implementations\ReactFabric-dev.js)
  commitMutationEffectsOnFiber (node_modules\react-native\Libraries\Renderer\implementations\ReactFabric-dev.js)
  recursivelyTraverseMutationEffects (node_modules\react-native\Libraries\Renderer\implementations\ReactFabric-dev.js)
  commitMutationEffectsOnFiber (node_modules\react-native\Libraries\Renderer\implementations\ReactFabric-dev.js)
  recursivelyTraverseMutationEffects (node_modules\react-native\Libraries\Renderer\implementations\ReactFabric-dev.js)
  commitMutationEffectsOnFiber (node_modules\react-native\Libraries\Renderer\implementations\ReactFabric-dev.js)
  recursivelyTraverseMutationEffects (node_modules\react-native\Libraries\Renderer\implementations\ReactFabric-dev.js)
  commitMutationEffectsOnFiber (node_modules\react-native\Libraries\Renderer\implementations\ReactFabric-dev.js)
  recursivelyTraverseMutationEffects (node_modules\react-native\Libraries\Renderer\implementations\ReactFabric-dev.js)
  commitMutationEffectsOnFiber (node_modules\react-native\Libraries\Renderer\implementations\ReactFabric-dev.js)
  recursivelyTraverseMutationEffects (node_modules\react-native\Libraries\Renderer\implementations\ReactFabric-dev.js)
  commitMutationEffectsOnFiber (node_modules\react-native\Libraries\Renderer\implementations\ReactFabric-dev.js)
  recursivelyTraverseMutationEffects (node_modules\react-native\Libraries\Renderer\implementations\ReactFabric-dev.js)
  commitMutationEffectsOnFiber (node_modules\react-native\Libraries\Renderer\implementations\ReactFabric-dev.js)
  recursivelyTraverseMutationEffects (node_modules\react-native\Libraries\Renderer\implementations\ReactFabric-dev.js)
  commitMutationEffectsOnFiber (node_modules\react-native\Libraries\Renderer\implementations\ReactFabric-dev.js)
  recursivelyTraverseMutationEffects (node_modules\react-native\Libraries\Renderer\implementations\ReactFabric-dev.js)
  commitMutationEffectsOnFiber (node_modules\react-native\Libraries\Renderer\implementations\ReactFabric-dev.js)
  recursivelyTraverseMutationEffects (node_modules\react-native\Libraries\Renderer\implementations\ReactFabric-dev.js)
  commitMutationEffectsOnFiber (node_modules\react-native\Libraries\Renderer\implementations\ReactFabric-dev.js)
  recursivelyTraverseMutationEffects (node_modules\react-native\Libraries\Renderer\implementations\ReactFabric-dev.js)
  commitMutationEffectsOnFiber (node_modules\react-native\Libraries\Renderer\implementations\ReactFabric-dev.js)
  recursivelyTraverseMutationEffects (node_modules\react-native\Libraries\Renderer\implementations\ReactFabric-dev.js)
  commitMutationEffectsOnFiber (node_modules\react-native\Libraries\Renderer\implementations\ReactFabric-dev.js)
  recursivelyTraverseMutationEffects (node_modules\react-native\Libraries\Renderer\implementations\ReactFabric-dev.js)
  commitMutationEffectsOnFiber (node_modules\react-native\Libraries\Renderer\implementations\ReactFabric-dev.js)
  recursivelyTraverseMutationEffects (node_modules\react-native\Libraries\Renderer\implementations\ReactFabric-dev.js)
  commitMutationEffectsOnFiber (node_modules\react-native\Libraries\Renderer\implementations\ReactFabric-dev.js)
  recursivelyTraverseMutationEffects (node_modules\react-native\Libraries\Renderer\implementations\ReactFabric-dev.js)
  commitMutationEffectsOnFiber (node_modules\react-native\Libraries\Renderer\implementations\ReactFabric-dev.js)
  recursivelyTraverseMutationEffects (node_modules\react-native\Libraries\Renderer\implementations\ReactFabric-dev.js)
  commitMutationEffectsOnFiber (node_modules\react-native\Libraries\Renderer\implementations\ReactFabric-dev.js)
  flushMutationEffects (node_modules\react-native\Libraries\Renderer\implementations\ReactFabric-dev.js)
  commitRoot (node_modules\react-native\Libraries\Renderer\implementations\ReactFabric-dev.js)
  commitRootWhenReady (node_modules\react-native\Libraries\Renderer\implementations\ReactFabric-dev.js)
  performWorkOnRoot (node_modules\react-native\Libraries\Renderer\implementations\ReactFabric-dev.js)
  performSyncWorkOnRoot (node_modules\react-native\Libraries\Renderer\implementations\ReactFabric-dev.js)
  flushSyncWorkAcrossRoots_impl (node_modules\react-native\Libraries\Renderer\implementations\ReactFabric-dev.js)
  processRootScheduleInMicrotask (node_modules\react-native\Libraries\Renderer\implementations\ReactFabric-dev.js)
  scheduleMicrotask$argument_0 (node_modules\react-native\Libraries\Renderer\implementations\ReactFabric-dev.js) 

Call Stack
  call (<native>)
  apply (<native>)
  <anonymous> (node_modules\react-native-css-interop\dist\runtime\wrap-jsx.js)
  slides.map$argument_0 (app\onboarding.jsx)
  map (<native>)
  Onboarding (app\onboarding.jsx)
  call (<native>)
  apply (<native>)
  <anonymous> (node_modules\react-native-css-interop\dist\runtime\wrap-jsx.js)
  BaseRoute (node_modules\expo-router\build\useScreens.js)
  SceneView (node_modules\@react-navigation\core\lib\module\SceneView.js)
  render (node_modules\@react-navigation\core\lib\module\useDescriptors.js)
  routes.reduce$argument_0 (node_modules\@react-navigation\core\lib\module\useDescriptors.js)
  reduce (<native>)
  useDescriptors (node_modules\@react-navigation\core\lib\module\useDescriptors.js)
  useNavigationBuilder (node_modules\@react-navigation\core\lib\module\useNavigationBuilder.js)
  NativeStackNavigator (node_modules\expo-router\build\fork\native-stack\createNativeStackNavigator.js)
  call (<native>)
  apply (<native>)
  <anonymous> (node_modules\react-native-css-interop\dist\runtime\wrap-jsx.js)
  <anonymous> (node_modules\expo-router\build\layouts\withLayoutContext.js)
  call (<native>)
  apply (<native>)
  <anonymous> (node_modules\react-native-css-interop\dist\runtime\wrap-jsx.js)
  Object.assign$argument_0 (node_modules\expo-router\build\layouts\StackClient.js)
  call (<native>)
  apply (<native>)
  <anonymous> (node_modules\react-native-css-interop\dist\runtime\wrap-jsx.js)
  RootLayout (app\_layout.jsx)
  call (<native>)
  apply (<native>)
  <anonymous> (node_modules\react-native-css-interop\dist\runtime\wrap-jsx.js)
  BaseRoute (node_modules\expo-router\build\useScreens.js)
  SceneView (node_modules\@react-navigation\core\lib\module\SceneView.js)
  render (node_modules\@react-navigation\core\lib\module\useDescriptors.js)
  routes.reduce$argument_0 (node_modules\@react-navigation\core\lib\module\useDescriptors.js)
  reduce (<native>)
  useDescriptors (node_modules\@react-navigation\core\lib\module\useDescriptors.js)
  useNavigationBuilder (node_modules\@react-navigation\core\lib\module\useNavigationBuilder.js)
  Content (node_modules\expo-router\build\ExpoRoot.js)
  call (<native>)
  apply (<native>)
  <anonymous> (node_modules\react-native-css-interop\dist\runtime\wrap-jsx.js)
  ContextNavigator (node_modules\expo-router\build\ExpoRoot.js)
  call (<native>)
  apply (<native>)
  <anonymous> (node_modules\react-native-css-interop\dist\runtime\wrap-jsx.js)
  ExpoRoot (node_modules\expo-router\build\ExpoRoot.js)
  call (<native>)
  apply (<native>)
  <anonymous> (node_modules\react-native-css-interop\dist\runtime\wrap-jsx.js)
  App (node_modules\expo-router\build\qualified-entry.js)
  call (<native>)
  apply (<native>)
  <anonymous> (node_modules\react-native-css-interop\dist\runtime\wrap-jsx.js)
  WithDevTools (node_modules\expo\src\launch\withDevTools.tsx)
 ERROR  Style property 'width' is not supported by native animated module 

Call Stack
  construct (<native>)
  apply (<native>)
  _construct (node_modules\@babel\runtime\helpers\construct.js)
  Wrapper (node_modules\@babel\runtime\helpers\wrapNativeSuper.js)
  construct (<native>)
  _callSuper (node_modules\@babel\runtime\helpers\callSuper.js)
  NamelessError (node_modules\@expo\metro-runtime\src\metroServerLogs.native.ts)
  captureCurrentStack (node_modules\@expo\metro-runtime\src\metroServerLogs.native.ts)
  HMRClient.log (node_modules\@expo\metro-runtime\src\metroServerLogs.native.ts)
  console.level (node_modules\react-native\Libraries\Core\setUpDeveloperTools.js)
  validateStyles (node_modules\react-native\src\private\animated\NativeAnimatedValidation.js)
  __getNativeConfig (node_modules\react-native\Libraries\Animated\nodes\AnimatedStyle.js)
  __getNativeTag (node_modules\react-native\Libraries\Animated\nodes\AnimatedNode.js)
  __addChild (node_modules\react-native\Libraries\Animated\nodes\AnimatedWithChildren.js)
  __attach (node_modules\react-native\Libraries\Animated\nodes\AnimatedStyle.js)
  __addChild (node_modules\react-native\Libraries\Animated\nodes\AnimatedWithChildren.js)
  __attach (node_modules\react-native\Libraries\Animated\nodes\AnimatedProps.js)
  useInsertionEffect$argument_0 (node_modules\react-native\src\private\animated\createAnimatedPropsHook.js)
  callCreate.reactStackBottomFrame (node_modules\react-native\Libraries\Renderer\implementations\ReactFabric-dev.js)
  runWithFiberInDEV (node_modules\react-native\Libraries\Renderer\implementations\ReactFabric-dev.js)
  commitHookEffectListMount (node_modules\react-native\Libraries\Renderer\implementations\ReactFabric-dev.js)
  commitMutationEffectsOnFiber (node_modules\react-native\Libraries\Renderer\implementations\ReactFabric-dev.js)
  recursivelyTraverseMutationEffects (node_modules\react-native\Libraries\Renderer\implementations\ReactFabric-dev.js)
  commitMutationEffectsOnFiber (node_modules\react-native\Libraries\Renderer\implementations\ReactFabric-dev.js)
  recursivelyTraverseMutationEffects (node_modules\react-native\Libraries\Renderer\implementations\ReactFabric-dev.js)
  commitMutationEffectsOnFiber (node_modules\react-native\Libraries\Renderer\implementations\ReactFabric-dev.js)
  recursivelyTraverseMutationEffects (node_modules\react-native\Libraries\Renderer\implementations\ReactFabric-dev.js)
  commitMutationEffectsOnFiber (node_modules\react-native\Libraries\Renderer\implementations\ReactFabric-dev.js)
  recursivelyTraverseMutationEffects (node_modules\react-native\Libraries\Renderer\implementations\ReactFabric-dev.js)
  commitMutationEffectsOnFiber (node_modules\react-native\Libraries\Renderer\implementations\ReactFabric-dev.js)
  recursivelyTraverseMutationEffects (node_modules\react-native\Libraries\Renderer\implementations\ReactFabric-dev.js)
  commitMutationEffectsOnFiber (node_modules\react-native\Libraries\Renderer\implementations\ReactFabric-dev.js)
  recursivelyTraverseMutationEffects (node_modules\react-native\Libraries\Renderer\implementations\ReactFabric-dev.js)
  commitMutationEffectsOnFiber (node_modules\react-native\Libraries\Renderer\implementations\ReactFabric-dev.js)
  recursivelyTraverseMutationEffects (node_modules\react-native\Libraries\Renderer\implementations\ReactFabric-dev.js)
  commitMutationEffectsOnFiber (node_modules\react-native\Libraries\Renderer\implementations\ReactFabric-dev.js)
  recursivelyTraverseMutationEffects (node_modules\react-native\Libraries\Renderer\implementations\ReactFabric-dev.js)
  commitMutationEffectsOnFiber (node_modules\react-native\Libraries\Renderer\implementations\ReactFabric-dev.js)
  recursivelyTraverseMutationEffects (node_modules\react-native\Libraries\Renderer\implementations\ReactFabric-dev.js)
  commitMutationEffectsOnFiber (node_modules\react-native\Libraries\Renderer\implementations\ReactFabric-dev.js)
  recursivelyTraverseMutationEffects (node_modules\react-native\Libraries\Renderer\implementations\ReactFabric-dev.js)
  commitMutationEffectsOnFiber (node_modules\react-native\Libraries\Renderer\implementations\ReactFabric-dev.js)
  recursivelyTraverseMutationEffects (node_modules\react-native\Libraries\Renderer\implementations\ReactFabric-dev.js)
  commitMutationEffectsOnFiber (node_modules\react-native\Libraries\Renderer\implementations\ReactFabric-dev.js)
  recursivelyTraverseMutationEffects (node_modules\react-native\Libraries\Renderer\implementations\ReactFabric-dev.js)
  commitMutationEffectsOnFiber (node_modules\react-native\Libraries\Renderer\implementations\ReactFabric-dev.js)
  recursivelyTraverseMutationEffects (node_modules\react-native\Libraries\Renderer\implementations\ReactFabric-dev.js)
  commitMutationEffectsOnFiber (node_modules\react-native\Libraries\Renderer\implementations\ReactFabric-dev.js)
  recursivelyTraverseMutationEffects (node_modules\react-native\Libraries\Renderer\implementations\ReactFabric-dev.js)
  commitMutationEffectsOnFiber (node_modules\react-native\Libraries\Renderer\implementations\ReactFabric-dev.js)
  recursivelyTraverseMutationEffects (node_modules\react-native\Libraries\Renderer\implementations\ReactFabric-dev.js)
  commitMutationEffectsOnFiber (node_modules\react-native\Libraries\Renderer\implementations\ReactFabric-dev.js)
  recursivelyTraverseMutationEffects (node_modules\react-native\Libraries\Renderer\implementations\ReactFabric-dev.js)
  commitMutationEffectsOnFiber (node_modules\react-native\Libraries\Renderer\implementations\ReactFabric-dev.js)
  recursivelyTraverseMutationEffects (node_modules\react-native\Libraries\Renderer\implementations\ReactFabric-dev.js)
  commitMutationEffectsOnFiber (node_modules\react-native\Libraries\Renderer\implementations\ReactFabric-dev.js)
  recursivelyTraverseMutationEffects (node_modules\react-native\Libraries\Renderer\implementations\ReactFabric-dev.js)
  commitMutationEffectsOnFiber (node_modules\react-native\Libraries\Renderer\implementations\ReactFabric-dev.js)
  recursivelyTraverseMutationEffects (node_modules\react-native\Libraries\Renderer\implementations\ReactFabric-dev.js)
  commitMutationEffectsOnFiber (node_modules\react-native\Libraries\Renderer\implementations\ReactFabric-dev.js)
  recursivelyTraverseMutationEffects (node_modules\react-native\Libraries\Renderer\implementations\ReactFabric-dev.js)
  commitMutationEffectsOnFiber (node_modules\react-native\Libraries\Renderer\implementations\ReactFabric-dev.js)
  recursivelyTraverseMutationEffects (node_modules\react-native\Libraries\Renderer\implementations\ReactFabric-dev.js)
  commitMutationEffectsOnFiber (node_modules\react-native\Libraries\Renderer\implementations\ReactFabric-dev.js)
  recursivelyTraverseMutationEffects (node_modules\react-native\Libraries\Renderer\implementations\ReactFabric-dev.js)
  commitMutationEffectsOnFiber (node_modules\react-native\Libraries\Renderer\implementations\ReactFabric-dev.js)
  recursivelyTraverseMutationEffects (node_modules\react-native\Libraries\Renderer\implementations\ReactFabric-dev.js)
  commitMutationEffectsOnFiber (node_modules\react-native\Libraries\Renderer\implementations\ReactFabric-dev.js)
  recursivelyTraverseMutationEffects (node_modules\react-native\Libraries\Renderer\implementations\ReactFabric-dev.js)
  commitMutationEffectsOnFiber (node_modules\react-native\Libraries\Renderer\implementations\ReactFabric-dev.js)
  recursivelyTraverseMutationEffects (node_modules\react-native\Libraries\Renderer\implementations\ReactFabric-dev.js)
  commitMutationEffectsOnFiber (node_modules\react-native\Libraries\Renderer\implementations\ReactFabric-dev.js)
  recursivelyTraverseMutationEffects (node_modules\react-native\Libraries\Renderer\implementations\ReactFabric-dev.js)
  commitMutationEffectsOnFiber (node_modules\react-native\Libraries\Renderer\implementations\ReactFabric-dev.js)
  recursivelyTraverseMutationEffects (node_modules\react-native\Libraries\Renderer\implementations\ReactFabric-dev.js)
  commitMutationEffectsOnFiber (node_modules\react-native\Libraries\Renderer\implementations\ReactFabric-dev.js)
  recursivelyTraverseMutationEffects (node_modules\react-native\Libraries\Renderer\implementations\ReactFabric-dev.js)
  commitMutationEffectsOnFiber (node_modules\react-native\Libraries\Renderer\implementations\ReactFabric-dev.js)
  recursivelyTraverseMutationEffects (node_modules\react-native\Libraries\Renderer\implementations\ReactFabric-dev.js)
  commitMutationEffectsOnFiber (node_modules\react-native\Libraries\Renderer\implementations\ReactFabric-dev.js)
  recursivelyTraverseMutationEffects (node_modules\react-native\Libraries\Renderer\implementations\ReactFabric-dev.js)
  commitMutationEffectsOnFiber (node_modules\react-native\Libraries\Renderer\implementations\ReactFabric-dev.js)
  recursivelyTraverseMutationEffects (node_modules\react-native\Libraries\Renderer\implementations\ReactFabric-dev.js)
  commitMutationEffectsOnFiber (node_modules\react-native\Libraries\Renderer\implementations\ReactFabric-dev.js)
  recursivelyTraverseMutationEffects (node_modules\react-native\Libraries\Renderer\implementations\ReactFabric-dev.js)
  commitMutationEffectsOnFiber (node_modules\react-native\Libraries\Renderer\implementations\ReactFabric-dev.js)
  recursivelyTraverseMutationEffects (node_modules\react-native\Libraries\Renderer\implementations\ReactFabric-dev.js)
  commitMutationEffectsOnFiber (node_modules\react-native\Libraries\Renderer\implementations\ReactFabric-dev.js)
  recursivelyTraverseMutationEffects (node_modules\react-native\Libraries\Renderer\implementations\ReactFabric-dev.js)
  commitMutationEffectsOnFiber (node_modules\react-native\Libraries\Renderer\implementations\ReactFabric-dev.js)
  recursivelyTraverseMutationEffects (node_modules\react-native\Libraries\Renderer\implementations\ReactFabric-dev.js)
  commitMutationEffectsOnFiber (node_modules\react-native\Libraries\Renderer\implementations\ReactFabric-dev.js)
  flushMutationEffects (node_modules\react-native\Libraries\Renderer\implementations\ReactFabric-dev.js)
  commitRoot (node_modules\react-native\Libraries\Renderer\implementations\ReactFabric-dev.js)
  commitRootWhenReady (node_modules\react-native\Libraries\Renderer\implementations\ReactFabric-dev.js)
  performWorkOnRoot (node_modules\react-native\Libraries\Renderer\implementations\ReactFabric-dev.js)
  performSyncWorkOnRoot (node_modules\react-native\Libraries\Renderer\implementations\ReactFabric-dev.js)
  flushSyncWorkAcrossRoots_impl (node_modules\react-native\Libraries\Renderer\implementations\ReactFabric-dev.js)
  processRootScheduleInMicrotask (node_modules\react-native\Libraries\Renderer\implementations\ReactFabric-dev.js)
  scheduleMicrotask$argument_0 (node_modules\react-native\Libraries\Renderer\implementations\ReactFabric-dev.js) 

Call Stack
  call (<native>)
  apply (<native>)
  <anonymous> (node_modules\react-native-css-interop\dist\runtime\wrap-jsx.js)
  slides.map$argument_0 (app\onboarding.jsx)
  map (<native>)
  Onboarding (app\onboarding.jsx)
  call (<native>)
  apply (<native>)
  <anonymous> (node_modules\react-native-css-interop\dist\runtime\wrap-jsx.js)
  BaseRoute (node_modules\expo-router\build\useScreens.js)
  SceneView (node_modules\@react-navigation\core\lib\module\SceneView.js)
  render (node_modules\@react-navigation\core\lib\module\useDescriptors.js)
  routes.reduce$argument_0 (node_modules\@react-navigation\core\lib\module\useDescriptors.js)
  reduce (<native>)
  useDescriptors (node_modules\@react-navigation\core\lib\module\useDescriptors.js)
  useNavigationBuilder (node_modules\@react-navigation\core\lib\module\useNavigationBuilder.js)
  NativeStackNavigator (node_modules\expo-router\build\fork\native-stack\createNativeStackNavigator.js)
  call (<native>)
  apply (<native>)
  <anonymous> (node_modules\react-native-css-interop\dist\runtime\wrap-jsx.js)
  <anonymous> (node_modules\expo-router\build\layouts\withLayoutContext.js)
  call (<native>)
  apply (<native>)
  <anonymous> (node_modules\react-native-css-interop\dist\runtime\wrap-jsx.js)
  Object.assign$argument_0 (node_modules\expo-router\build\layouts\StackClient.js)
  call (<native>)
  apply (<native>)
  <anonymous> (node_modules\react-native-css-interop\dist\runtime\wrap-jsx.js)
  RootLayout (app\_layout.jsx)
  call (<native>)
  apply (<native>)
  <anonymous> (node_modules\react-native-css-interop\dist\runtime\wrap-jsx.js)
  BaseRoute (node_modules\expo-router\build\useScreens.js)
  SceneView (node_modules\@react-navigation\core\lib\module\SceneView.js)
  render (node_modules\@react-navigation\core\lib\module\useDescriptors.js)
  routes.reduce$argument_0 (node_modules\@react-navigation\core\lib\module\useDescriptors.js)
  reduce (<native>)
  useDescriptors (node_modules\@react-navigation\core\lib\module\useDescriptors.js)
  useNavigationBuilder (node_modules\@react-navigation\core\lib\module\useNavigationBuilder.js)
  Content (node_modules\expo-router\build\ExpoRoot.js)
  call (<native>)
  apply (<native>)
  <anonymous> (node_modules\react-native-css-interop\dist\runtime\wrap-jsx.js)
  ContextNavigator (node_modules\expo-router\build\ExpoRoot.js)
  call (<native>)
  apply (<native>)
  <anonymous> (node_modules\react-native-css-interop\dist\runtime\wrap-jsx.js)
  ExpoRoot (node_modules\expo-router\build\ExpoRoot.js)
  call (<native>)
  apply (<native>)
  <anonymous> (node_modules\react-native-css-interop\dist\runtime\wrap-jsx.js)
  App (node_modules\expo-router\build\qualified-entry.js)
  call (<native>)
  apply (<native>)
  <anonymous> (node_modules\react-native-css-interop\dist\runtime\wrap-jsx.js)
  WithDevTools (node_modules\expo\src\launch\withDevTools.tsx)
 ERROR  Style property 'width' is not supported by native animated module 

Call Stack
  construct (<native>)
  apply (<native>)
  _construct (node_modules\@babel\runtime\helpers\construct.js)
  Wrapper (node_modules\@babel\runtime\helpers\wrapNativeSuper.js)
  construct (<native>)
  _callSuper (node_modules\@babel\runtime\helpers\callSuper.js)
  NamelessError (node_modules\@expo\metro-runtime\src\metroServerLogs.native.ts)
  captureCurrentStack (node_modules\@expo\metro-runtime\src\metroServerLogs.native.ts)
  HMRClient.log (node_modules\@expo\metro-runtime\src\metroServerLogs.native.ts)
  console.level (node_modules\react-native\Libraries\Core\setUpDeveloperTools.js)
  validateStyles (node_modules\react-native\src\private\animated\NativeAnimatedValidation.js)
  __getNativeConfig (node_modules\react-native\Libraries\Animated\nodes\AnimatedStyle.js)
  __getNativeTag (node_modules\react-native\Libraries\Animated\nodes\AnimatedNode.js)
  __makeNative (node_modules\react-native\Libraries\Animated\nodes\AnimatedWithChildren.js)
  apply (<native>)
  <anonymous> (node_modules\@babel\runtime\helpers\superPropGet.js)
  __makeNative (node_modules\react-native\Libraries\Animated\nodes\AnimatedStyle.js)
  __makeNative (node_modules\react-native\Libraries\Animated\nodes\AnimatedWithChildren.js)
  apply (<native>)
  <anonymous> (node_modules\@babel\runtime\helpers\superPropGet.js)
  __makeNative (node_modules\react-native\Libraries\Animated\nodes\AnimatedInterpolation.js)
  __makeNative (node_modules\react-native\Libraries\Animated\nodes\AnimatedStyle.js)
  __makeNative (node_modules\react-native\Libraries\Animated\nodes\AnimatedWithChildren.js)
  apply (<native>)
  <anonymous> (node_modules\@babel\runtime\helpers\superPropGet.js)
  __makeNative (node_modules\react-native\Libraries\Animated\nodes\AnimatedInterpolation.js)
  __makeNative (node_modules\react-native\Libraries\Animated\nodes\AnimatedWithChildren.js)
  apply (<native>)
  <anonymous> (node_modules\@babel\runtime\helpers\superPropGet.js)
  __makeNative (node_modules\react-native\Libraries\Animated\nodes\AnimatedValue.js)
  traverse (node_modules\react-native\Libraries\Animated\AnimatedEvent.js)
  traverse (node_modules\react-native\Libraries\Animated\AnimatedEvent.js)
  traverse (node_modules\react-native\Libraries\Animated\AnimatedEvent.js)
  attachNativeEventImpl (node_modules\react-native\Libraries\Animated\AnimatedEvent.js)
  __attach (node_modules\react-native\Libraries\Animated\AnimatedEvent.js)
  refEffect (node_modules\react-native\src\private\animated\createAnimatedPropsHook.js)
  <anonymous> (node_modules\react-native\Libraries\Utilities\useRefEffect.js)
  refs.map$argument_0 (node_modules\react-native\Libraries\Utilities\useMergeRefs.js)
  map (<native>)
  refEffect (node_modules\react-native\Libraries\Utilities\useMergeRefs.js)
  <anonymous> (node_modules\react-native\Libraries\Utilities\useRefEffect.js)
  commitAttachRef (node_modules\react-native\Libraries\Renderer\implementations\ReactFabric-dev.js)
  runWithFiberInDEV (node_modules\react-native\Libraries\Renderer\implementations\ReactFabric-dev.js)
  safelyAttachRef (node_modules\react-native\Libraries\Renderer\implementations\ReactFabric-dev.js)
  commitLayoutEffectOnFiber (node_modules\react-native\Libraries\Renderer\implementations\ReactFabric-dev.js)
  recursivelyTraverseLayoutEffects (node_modules\react-native\Libraries\Renderer\implementations\ReactFabric-dev.js)
  commitLayoutEffectOnFiber (node_modules\react-native\Libraries\Renderer\implementations\ReactFabric-dev.js)
  recursivelyTraverseLayoutEffects (node_modules\react-native\Libraries\Renderer\implementations\ReactFabric-dev.js)
  commitLayoutEffectOnFiber (node_modules\react-native\Libraries\Renderer\implementations\ReactFabric-dev.js)
  recursivelyTraverseLayoutEffects (node_modules\react-native\Libraries\Renderer\implementations\ReactFabric-dev.js)
  recursivelyTraverseLayoutEffects (node_modules\react-native\Libraries\Renderer\implementations\ReactFabric-dev.js)
  commitLayoutEffectOnFiber (node_modules\react-native\Libraries\Renderer\implementations\ReactFabric-dev.js)
  recursivelyTraverseLayoutEffects (node_modules\react-native\Libraries\Renderer\implementations\ReactFabric-dev.js)
  commitLayoutEffectOnFiber (node_modules\react-native\Libraries\Renderer\implementations\ReactFabric-dev.js)
  recursivelyTraverseLayoutEffects (node_modules\react-native\Libraries\Renderer\implementations\ReactFabric-dev.js)
  commitLayoutEffectOnFiber (node_modules\react-native\Libraries\Renderer\implementations\ReactFabric-dev.js)
  recursivelyTraverseLayoutEffects (node_modules\react-native\Libraries\Renderer\implementations\ReactFabric-dev.js)
  commitLayoutEffectOnFiber (node_modules\react-native\Libraries\Renderer\implementations\ReactFabric-dev.js)
  recursivelyTraverseLayoutEffects (node_modules\react-native\Libraries\Renderer\implementations\ReactFabric-dev.js)
  commitLayoutEffectOnFiber (node_modules\react-native\Libraries\Renderer\implementations\ReactFabric-dev.js)
  recursivelyTraverseLayoutEffects (node_modules\react-native\Libraries\Renderer\implementations\ReactFabric-dev.js)
  commitLayoutEffectOnFiber (node_modules\react-native\Libraries\Renderer\implementations\ReactFabric-dev.js)
  recursivelyTraverseLayoutEffects (node_modules\react-native\Libraries\Renderer\implementations\ReactFabric-dev.js)
  commitLayoutEffectOnFiber (node_modules\react-native\Libraries\Renderer\implementations\ReactFabric-dev.js)
  recursivelyTraverseLayoutEffects (node_modules\react-native\Libraries\Renderer\implementations\ReactFabric-dev.js)
  commitLayoutEffectOnFiber (node_modules\react-native\Libraries\Renderer\implementations\ReactFabric-dev.js)
  recursivelyTraverseLayoutEffects (node_modules\react-native\Libraries\Renderer\implementations\ReactFabric-dev.js)
  commitLayoutEffectOnFiber (node_modules\react-native\Libraries\Renderer\implementations\ReactFabric-dev.js)
  recursivelyTraverseLayoutEffects (node_modules\react-native\Libraries\Renderer\implementations\ReactFabric-dev.js)
  commitLayoutEffectOnFiber (node_modules\react-native\Libraries\Renderer\implementations\ReactFabric-dev.js)
  recursivelyTraverseLayoutEffects (node_modules\react-native\Libraries\Renderer\implementations\ReactFabric-dev.js)
  commitLayoutEffectOnFiber (node_modules\react-native\Libraries\Renderer\implementations\ReactFabric-dev.js)
  recursivelyTraverseLayoutEffects (node_modules\react-native\Libraries\Renderer\implementations\ReactFabric-dev.js)
  commitLayoutEffectOnFiber (node_modules\react-native\Libraries\Renderer\implementations\ReactFabric-dev.js)
  recursivelyTraverseLayoutEffects (node_modules\react-native\Libraries\Renderer\implementations\ReactFabric-dev.js)
  commitLayoutEffectOnFiber (node_modules\react-native\Libraries\Renderer\implementations\ReactFabric-dev.js)
  recursivelyTraverseLayoutEffects (node_modules\react-native\Libraries\Renderer\implementations\ReactFabric-dev.js)
  commitLayoutEffectOnFiber (node_modules\react-native\Libraries\Renderer\implementations\ReactFabric-dev.js)
  recursivelyTraverseLayoutEffects (node_modules\react-native\Libraries\Renderer\implementations\ReactFabric-dev.js)
  commitLayoutEffectOnFiber (node_modules\react-native\Libraries\Renderer\implementations\ReactFabric-dev.js)
  recursivelyTraverseLayoutEffects (node_modules\react-native\Libraries\Renderer\implementations\ReactFabric-dev.js)
  commitLayoutEffectOnFiber (node_modules\react-native\Libraries\Renderer\implementations\ReactFabric-dev.js)
  recursivelyTraverseLayoutEffects (node_modules\react-native\Libraries\Renderer\implementations\ReactFabric-dev.js)
  commitLayoutEffectOnFiber (node_modules\react-native\Libraries\Renderer\implementations\ReactFabric-dev.js)
  recursivelyTraverseLayoutEffects (node_modules\react-native\Libraries\Renderer\implementations\ReactFabric-dev.js)
  commitLayoutEffectOnFiber (node_modules\react-native\Libraries\Renderer\implementations\ReactFabric-dev.js)
  recursivelyTraverseLayoutEffects (node_modules\react-native\Libraries\Renderer\implementations\ReactFabric-dev.js)
  commitLayoutEffectOnFiber (node_modules\react-native\Libraries\Renderer\implementations\ReactFabric-dev.js)
  recursivelyTraverseLayoutEffects (node_modules\react-native\Libraries\Renderer\implementations\ReactFabric-dev.js)
  commitLayoutEffectOnFiber (node_modules\react-native\Libraries\Renderer\implementations\ReactFabric-dev.js)
  recursivelyTraverseLayoutEffects (node_modules\react-native\Libraries\Renderer\implementations\ReactFabric-dev.js)
  commitLayoutEffectOnFiber (node_modules\react-native\Libraries\Renderer\implementations\ReactFabric-dev.js)
  flushLayoutEffects (node_modules\react-native\Libraries\Renderer\implementations\ReactFabric-dev.js)
  commitRoot (node_modules\react-native\Libraries\Renderer\implementations\ReactFabric-dev.js)
  commitRootWhenReady (node_modules\react-native\Libraries\Renderer\implementations\ReactFabric-dev.js)
  performWorkOnRoot (node_modules\react-native\Libraries\Renderer\implementations\ReactFabric-dev.js)
  performSyncWorkOnRoot (node_modules\react-native\Libraries\Renderer\implementations\ReactFabric-dev.js)
  flushSyncWorkAcrossRoots_impl (node_modules\react-native\Libraries\Renderer\implementations\ReactFabric-dev.js)
  processRootScheduleInMicrotask (node_modules\react-native\Libraries\Renderer\implementations\ReactFabric-dev.js)
  scheduleMicrotask$argument_0 (node_modules\react-native\Libraries\Renderer\implementations\ReactFabric-dev.js) 

Call Stack
  RemapPropsComponent (node_modules\react-native-css-interop\dist\runtime\native\api.js)
  call (<native>)
  apply (<native>)
  <anonymous> (node_modules\react-native-css-interop\dist\runtime\wrap-jsx.js)
  AnimatedComponent (node_modules\react-native\Libraries\Animated\createAnimatedComponent.js)
  call (<native>)
  apply (<native>)
  <anonymous> (node_modules\react-native-css-interop\dist\runtime\wrap-jsx.js)
  Onboarding (app\onboarding.jsx)
  call (<native>)
  apply (<native>)
  <anonymous> (node_modules\react-native-css-interop\dist\runtime\wrap-jsx.js)
  BaseRoute (node_modules\expo-router\build\useScreens.js)
  SceneView (node_modules\@react-navigation\core\lib\module\SceneView.js)
  render (node_modules\@react-navigation\core\lib\module\useDescriptors.js)
  routes.reduce$argument_0 (node_modules\@react-navigation\core\lib\module\useDescriptors.js)
  reduce (<native>)
  useDescriptors (node_modules\@react-navigation\core\lib\module\useDescriptors.js)
  useNavigationBuilder (node_modules\@react-navigation\core\lib\module\useNavigationBuilder.js)
  NativeStackNavigator (node_modules\expo-router\build\fork\native-stack\createNativeStackNavigator.js)
  call (<native>)
  apply (<native>)
  <anonymous> (node_modules\react-native-css-interop\dist\runtime\wrap-jsx.js)
  <anonymous> (node_modules\expo-router\build\layouts\withLayoutContext.js)
  call (<native>)
  apply (<native>)
  <anonymous> (node_modules\react-native-css-interop\dist\runtime\wrap-jsx.js)
  Object.assign$argument_0 (node_modules\expo-router\build\layouts\StackClient.js)
  call (<native>)
  apply (<native>)
  <anonymous> (node_modules\react-native-css-interop\dist\runtime\wrap-jsx.js)
  RootLayout (app\_layout.jsx)
  call (<native>)
  apply (<native>)
  <anonymous> (node_modules\react-native-css-interop\dist\runtime\wrap-jsx.js)
  BaseRoute (node_modules\expo-router\build\useScreens.js)
  SceneView (node_modules\@react-navigation\core\lib\module\SceneView.js)
  render (node_modules\@react-navigation\core\lib\module\useDescriptors.js)
  routes.reduce$argument_0 (node_modules\@react-navigation\core\lib\module\useDescriptors.js)
  reduce (<native>)
  useDescriptors (node_modules\@react-navigation\core\lib\module\useDescriptors.js)
  useNavigationBuilder (node_modules\@react-navigation\core\lib\module\useNavigationBuilder.js)
  Content (node_modules\expo-router\build\ExpoRoot.js)
  call (<native>)
  apply (<native>)
  <anonymous> (node_modules\react-native-css-interop\dist\runtime\wrap-jsx.js)
  ContextNavigator (node_modules\expo-router\build\ExpoRoot.js)
  call (<native>)
  apply (<native>)
  <anonymous> (node_modules\react-native-css-interop\dist\runtime\wrap-jsx.js)
  ExpoRoot (node_modules\expo-router\build\ExpoRoot.js)
  call (<native>)
  apply (<native>)
  <anonymous> (node_modules\react-native-css-interop\dist\runtime\wrap-jsx.js)
  App (node_modules\expo-router\build\qualified-entry.js)
  call (<native>)
  apply (<native>)
  <anonymous> (node_modules\react-native-css-interop\dist\runtime\wrap-jsx.js)
  WithDevTools (node_modules\expo\src\launch\withDevTools.tsx)
 ERROR  Style property 'width' is not supported by native animated module 

Call Stack
  construct (<native>)
  apply (<native>)
  _construct (node_modules\@babel\runtime\helpers\construct.js)
  Wrapper (node_modules\@babel\runtime\helpers\wrapNativeSuper.js)
  construct (<native>)
  _callSuper (node_modules\@babel\runtime\helpers\callSuper.js)
  NamelessError (node_modules\@expo\metro-runtime\src\metroServerLogs.native.ts)
  captureCurrentStack (node_modules\@expo\metro-runtime\src\metroServerLogs.native.ts)
  HMRClient.log (node_modules\@expo\metro-runtime\src\metroServerLogs.native.ts)
  console.level (node_modules\react-native\Libraries\Core\setUpDeveloperTools.js)
  validateStyles (node_modules\react-native\src\private\animated\NativeAnimatedValidation.js)
  __getNativeConfig (node_modules\react-native\Libraries\Animated\nodes\AnimatedStyle.js)
  __getNativeTag (node_modules\react-native\Libraries\Animated\nodes\AnimatedNode.js)
  __makeNative (node_modules\react-native\Libraries\Animated\nodes\AnimatedWithChildren.js)
  apply (<native>)
  <anonymous> (node_modules\@babel\runtime\helpers\superPropGet.js)
  __makeNative (node_modules\react-native\Libraries\Animated\nodes\AnimatedStyle.js)
  __makeNative (node_modules\react-native\Libraries\Animated\nodes\AnimatedWithChildren.js)
  apply (<native>)
  <anonymous> (node_modules\@babel\runtime\helpers\superPropGet.js)
  __makeNative (node_modules\react-native\Libraries\Animated\nodes\AnimatedInterpolation.js)
  __makeNative (node_modules\react-native\Libraries\Animated\nodes\AnimatedStyle.js)
  __makeNative (node_modules\react-native\Libraries\Animated\nodes\AnimatedWithChildren.js)
  apply (<native>)
  <anonymous> (node_modules\@babel\runtime\helpers\superPropGet.js)
  __makeNative (node_modules\react-native\Libraries\Animated\nodes\AnimatedInterpolation.js)
  __makeNative (node_modules\react-native\Libraries\Animated\nodes\AnimatedWithChildren.js)
  apply (<native>)
  <anonymous> (node_modules\@babel\runtime\helpers\superPropGet.js)
  __makeNative (node_modules\react-native\Libraries\Animated\nodes\AnimatedValue.js)
  traverse (node_modules\react-native\Libraries\Animated\AnimatedEvent.js)
  traverse (node_modules\react-native\Libraries\Animated\AnimatedEvent.js)
  traverse (node_modules\react-native\Libraries\Animated\AnimatedEvent.js)
  attachNativeEventImpl (node_modules\react-native\Libraries\Animated\AnimatedEvent.js)
  __attach (node_modules\react-native\Libraries\Animated\AnimatedEvent.js)
  refEffect (node_modules\react-native\src\private\animated\createAnimatedPropsHook.js)
  <anonymous> (node_modules\react-native\Libraries\Utilities\useRefEffect.js)
  refs.map$argument_0 (node_modules\react-native\Libraries\Utilities\useMergeRefs.js)
  map (<native>)
  refEffect (node_modules\react-native\Libraries\Utilities\useMergeRefs.js)
  <anonymous> (node_modules\react-native\Libraries\Utilities\useRefEffect.js)
  commitAttachRef (node_modules\react-native\Libraries\Renderer\implementations\ReactFabric-dev.js)
  runWithFiberInDEV (node_modules\react-native\Libraries\Renderer\implementations\ReactFabric-dev.js)
  safelyAttachRef (node_modules\react-native\Libraries\Renderer\implementations\ReactFabric-dev.js)
  commitLayoutEffectOnFiber (node_modules\react-native\Libraries\Renderer\implementations\ReactFabric-dev.js)
  recursivelyTraverseLayoutEffects (node_modules\react-native\Libraries\Renderer\implementations\ReactFabric-dev.js)
  commitLayoutEffectOnFiber (node_modules\react-native\Libraries\Renderer\implementations\ReactFabric-dev.js)
  recursivelyTraverseLayoutEffects (node_modules\react-native\Libraries\Renderer\implementations\ReactFabric-dev.js)
  commitLayoutEffectOnFiber (node_modules\react-native\Libraries\Renderer\implementations\ReactFabric-dev.js)
  recursivelyTraverseLayoutEffects (node_modules\react-native\Libraries\Renderer\implementations\ReactFabric-dev.js)
  recursivelyTraverseLayoutEffects (node_modules\react-native\Libraries\Renderer\implementations\ReactFabric-dev.js)
  commitLayoutEffectOnFiber (node_modules\react-native\Libraries\Renderer\implementations\ReactFabric-dev.js)
  recursivelyTraverseLayoutEffects (node_modules\react-native\Libraries\Renderer\implementations\ReactFabric-dev.js)
  commitLayoutEffectOnFiber (node_modules\react-native\Libraries\Renderer\implementations\ReactFabric-dev.js)
  recursivelyTraverseLayoutEffects (node_modules\react-native\Libraries\Renderer\implementations\ReactFabric-dev.js)
  commitLayoutEffectOnFiber (node_modules\react-native\Libraries\Renderer\implementations\ReactFabric-dev.js)
  recursivelyTraverseLayoutEffects (node_modules\react-native\Libraries\Renderer\implementations\ReactFabric-dev.js)
  commitLayoutEffectOnFiber (node_modules\react-native\Libraries\Renderer\implementations\ReactFabric-dev.js)
  recursivelyTraverseLayoutEffects (node_modules\react-native\Libraries\Renderer\implementations\ReactFabric-dev.js)
  commitLayoutEffectOnFiber (node_modules\react-native\Libraries\Renderer\implementations\ReactFabric-dev.js)
  recursivelyTraverseLayoutEffects (node_modules\react-native\Libraries\Renderer\implementations\ReactFabric-dev.js)
  commitLayoutEffectOnFiber (node_modules\react-native\Libraries\Renderer\implementations\ReactFabric-dev.js)
  recursivelyTraverseLayoutEffects (node_modules\react-native\Libraries\Renderer\implementations\ReactFabric-dev.js)
  commitLayoutEffectOnFiber (node_modules\react-native\Libraries\Renderer\implementations\ReactFabric-dev.js)
  recursivelyTraverseLayoutEffects (node_modules\react-native\Libraries\Renderer\implementations\ReactFabric-dev.js)
  commitLayoutEffectOnFiber (node_modules\react-native\Libraries\Renderer\implementations\ReactFabric-dev.js)
  recursivelyTraverseLayoutEffects (node_modules\react-native\Libraries\Renderer\implementations\ReactFabric-dev.js)
  commitLayoutEffectOnFiber (node_modules\react-native\Libraries\Renderer\implementations\ReactFabric-dev.js)
  recursivelyTraverseLayoutEffects (node_modules\react-native\Libraries\Renderer\implementations\ReactFabric-dev.js)
  commitLayoutEffectOnFiber (node_modules\react-native\Libraries\Renderer\implementations\ReactFabric-dev.js)
  recursivelyTraverseLayoutEffects (node_modules\react-native\Libraries\Renderer\implementations\ReactFabric-dev.js)
  commitLayoutEffectOnFiber (node_modules\react-native\Libraries\Renderer\implementations\ReactFabric-dev.js)
  recursivelyTraverseLayoutEffects (node_modules\react-native\Libraries\Renderer\implementations\ReactFabric-dev.js)
  commitLayoutEffectOnFiber (node_modules\react-native\Libraries\Renderer\implementations\ReactFabric-dev.js)
  recursivelyTraverseLayoutEffects (node_modules\react-native\Libraries\Renderer\implementations\ReactFabric-dev.js)
  commitLayoutEffectOnFiber (node_modules\react-native\Libraries\Renderer\implementations\ReactFabric-dev.js)
  recursivelyTraverseLayoutEffects (node_modules\react-native\Libraries\Renderer\implementations\ReactFabric-dev.js)
  commitLayoutEffectOnFiber (node_modules\react-native\Libraries\Renderer\implementations\ReactFabric-dev.js)
  recursivelyTraverseLayoutEffects (node_modules\react-native\Libraries\Renderer\implementations\ReactFabric-dev.js)
  commitLayoutEffectOnFiber (node_modules\react-native\Libraries\Renderer\implementations\ReactFabric-dev.js)
  recursivelyTraverseLayoutEffects (node_modules\react-native\Libraries\Renderer\implementations\ReactFabric-dev.js)
  commitLayoutEffectOnFiber (node_modules\react-native\Libraries\Renderer\implementations\ReactFabric-dev.js)
  recursivelyTraverseLayoutEffects (node_modules\react-native\Libraries\Renderer\implementations\ReactFabric-dev.js)
  commitLayoutEffectOnFiber (node_modules\react-native\Libraries\Renderer\implementations\ReactFabric-dev.js)
  recursivelyTraverseLayoutEffects (node_modules\react-native\Libraries\Renderer\implementations\ReactFabric-dev.js)
  commitLayoutEffectOnFiber (node_modules\react-native\Libraries\Renderer\implementations\ReactFabric-dev.js)
  recursivelyTraverseLayoutEffects (node_modules\react-native\Libraries\Renderer\implementations\ReactFabric-dev.js)
  commitLayoutEffectOnFiber (node_modules\react-native\Libraries\Renderer\implementations\ReactFabric-dev.js)
  recursivelyTraverseLayoutEffects (node_modules\react-native\Libraries\Renderer\implementations\ReactFabric-dev.js)
  commitLayoutEffectOnFiber (node_modules\react-native\Libraries\Renderer\implementations\ReactFabric-dev.js)
  recursivelyTraverseLayoutEffects (node_modules\react-native\Libraries\Renderer\implementations\ReactFabric-dev.js)
  commitLayoutEffectOnFiber (node_modules\react-native\Libraries\Renderer\implementations\ReactFabric-dev.js)
  flushLayoutEffects (node_modules\react-native\Libraries\Renderer\implementations\ReactFabric-dev.js)
  commitRoot (node_modules\react-native\Libraries\Renderer\implementations\ReactFabric-dev.js)
  commitRootWhenReady (node_modules\react-native\Libraries\Renderer\implementations\ReactFabric-dev.js)
  performWorkOnRoot (node_modules\react-native\Libraries\Renderer\implementations\ReactFabric-dev.js)
  performSyncWorkOnRoot (node_modules\react-native\Libraries\Renderer\implementations\ReactFabric-dev.js)
  flushSyncWorkAcrossRoots_impl (node_modules\react-native\Libraries\Renderer\implementations\ReactFabric-dev.js)
  processRootScheduleInMicrotask (node_modules\react-native\Libraries\Renderer\implementations\ReactFabric-dev.js)
  scheduleMicrotask$argument_0 (node_modules\react-native\Libraries\Renderer\implementations\ReactFabric-dev.js) 

Call Stack
  RemapPropsComponent (node_modules\react-native-css-interop\dist\runtime\native\api.js)
  call (<native>)
  apply (<native>)
  <anonymous> (node_modules\react-native-css-interop\dist\runtime\wrap-jsx.js)
  AnimatedComponent (node_modules\react-native\Libraries\Animated\createAnimatedComponent.js)
  call (<native>)
  apply (<native>)
  <anonymous> (node_modules\react-native-css-interop\dist\runtime\wrap-jsx.js)
  Onboarding (app\onboarding.jsx)
  call (<native>)
  apply (<native>)
  <anonymous> (node_modules\react-native-css-interop\dist\runtime\wrap-jsx.js)
  BaseRoute (node_modules\expo-router\build\useScreens.js)
  SceneView (node_modules\@react-navigation\core\lib\module\SceneView.js)
  render (node_modules\@react-navigation\core\lib\module\useDescriptors.js)
  routes.reduce$argument_0 (node_modules\@react-navigation\core\lib\module\useDescriptors.js)
  reduce (<native>)
  useDescriptors (node_modules\@react-navigation\core\lib\module\useDescriptors.js)
  useNavigationBuilder (node_modules\@react-navigation\core\lib\module\useNavigationBuilder.js)
  NativeStackNavigator (node_modules\expo-router\build\fork\native-stack\createNativeStackNavigator.js)
  call (<native>)
  apply (<native>)
  <anonymous> (node_modules\react-native-css-interop\dist\runtime\wrap-jsx.js)
  <anonymous> (node_modules\expo-router\build\layouts\withLayoutContext.js)
  call (<native>)
  apply (<native>)
  <anonymous> (node_modules\react-native-css-interop\dist\runtime\wrap-jsx.js)
  Object.assign$argument_0 (node_modules\expo-router\build\layouts\StackClient.js)
  call (<native>)
  apply (<native>)
  <anonymous> (node_modules\react-native-css-interop\dist\runtime\wrap-jsx.js)
  RootLayout (app\_layout.jsx)
  call (<native>)
  apply (<native>)
  <anonymous> (node_modules\react-native-css-interop\dist\runtime\wrap-jsx.js)
  BaseRoute (node_modules\expo-router\build\useScreens.js)
  SceneView (node_modules\@react-navigation\core\lib\module\SceneView.js)
  render (node_modules\@react-navigation\core\lib\module\useDescriptors.js)
  routes.reduce$argument_0 (node_modules\@react-navigation\core\lib\module\useDescriptors.js)
  reduce (<native>)
  useDescriptors (node_modules\@react-navigation\core\lib\module\useDescriptors.js)
  useNavigationBuilder (node_modules\@react-navigation\core\lib\module\useNavigationBuilder.js)
  Content (node_modules\expo-router\build\ExpoRoot.js)
  call (<native>)
  apply (<native>)
  <anonymous> (node_modules\react-native-css-interop\dist\runtime\wrap-jsx.js)
  ContextNavigator (node_modules\expo-router\build\ExpoRoot.js)
  call (<native>)
  apply (<native>)
  <anonymous> (node_modules\react-native-css-interop\dist\runtime\wrap-jsx.js)
  ExpoRoot (node_modules\expo-router\build\ExpoRoot.js)
  call (<native>)
  apply (<native>)
  <anonymous> (node_modules\react-native-css-interop\dist\runtime\wrap-jsx.js)
  App (node_modules\expo-router\build\qualified-entry.js)
  call (<native>)
  apply (<native>)
  <anonymous> (node_modules\react-native-css-interop\dist\runtime\wrap-jsx.js)
  WithDevTools (node_modules\expo\src\launch\withDevTools.tsx)
 ERROR  Style property 'width' is not supported by native animated module 

Call Stack
  construct (<native>)
  apply (<native>)
  _construct (node_modules\@babel\runtime\helpers\construct.js)
  Wrapper (node_modules\@babel\runtime\helpers\wrapNativeSuper.js)
  construct (<native>)
  _callSuper (node_modules\@babel\runtime\helpers\callSuper.js)
  NamelessError (node_modules\@expo\metro-runtime\src\metroServerLogs.native.ts)
  captureCurrentStack (node_modules\@expo\metro-runtime\src\metroServerLogs.native.ts)
  HMRClient.log (node_modules\@expo\metro-runtime\src\metroServerLogs.native.ts)
  console.level (node_modules\react-native\Libraries\Core\setUpDeveloperTools.js)
  validateStyles (node_modules\react-native\src\private\animated\NativeAnimatedValidation.js)
  __getNativeConfig (node_modules\react-native\Libraries\Animated\nodes\AnimatedStyle.js)
  __getNativeTag (node_modules\react-native\Libraries\Animated\nodes\AnimatedNode.js)
  __makeNative (node_modules\react-native\Libraries\Animated\nodes\AnimatedWithChildren.js)
  apply (<native>)
  <anonymous> (node_modules\@babel\runtime\helpers\superPropGet.js)
  __makeNative (node_modules\react-native\Libraries\Animated\nodes\AnimatedStyle.js)
  __makeNative (node_modules\react-native\Libraries\Animated\nodes\AnimatedWithChildren.js)
  apply (<native>)
  <anonymous> (node_modules\@babel\runtime\helpers\superPropGet.js)
  __makeNative (node_modules\react-native\Libraries\Animated\nodes\AnimatedInterpolation.js)
  __makeNative (node_modules\react-native\Libraries\Animated\nodes\AnimatedStyle.js)
  __makeNative (node_modules\react-native\Libraries\Animated\nodes\AnimatedWithChildren.js)
  apply (<native>)
  <anonymous> (node_modules\@babel\runtime\helpers\superPropGet.js)
  __makeNative (node_modules\react-native\Libraries\Animated\nodes\AnimatedInterpolation.js)
  __makeNative (node_modules\react-native\Libraries\Animated\nodes\AnimatedWithChildren.js)
  apply (<native>)
  <anonymous> (node_modules\@babel\runtime\helpers\superPropGet.js)
  __makeNative (node_modules\react-native\Libraries\Animated\nodes\AnimatedValue.js)
  traverse (node_modules\react-native\Libraries\Animated\AnimatedEvent.js)
  traverse (node_modules\react-native\Libraries\Animated\AnimatedEvent.js)
  traverse (node_modules\react-native\Libraries\Animated\AnimatedEvent.js)
  attachNativeEventImpl (node_modules\react-native\Libraries\Animated\AnimatedEvent.js)
  __attach (node_modules\react-native\Libraries\Animated\AnimatedEvent.js)
  refEffect (node_modules\react-native\src\private\animated\createAnimatedPropsHook.js)
  <anonymous> (node_modules\react-native\Libraries\Utilities\useRefEffect.js)
  refs.map$argument_0 (node_modules\react-native\Libraries\Utilities\useMergeRefs.js)
  map (<native>)
  refEffect (node_modules\react-native\Libraries\Utilities\useMergeRefs.js)
  <anonymous> (node_modules\react-native\Libraries\Utilities\useRefEffect.js)
  commitAttachRef (node_modules\react-native\Libraries\Renderer\implementations\ReactFabric-dev.js)
  runWithFiberInDEV (node_modules\react-native\Libraries\Renderer\implementations\ReactFabric-dev.js)
  safelyAttachRef (node_modules\react-native\Libraries\Renderer\implementations\ReactFabric-dev.js)
  commitLayoutEffectOnFiber (node_modules\react-native\Libraries\Renderer\implementations\ReactFabric-dev.js)
  recursivelyTraverseLayoutEffects (node_modules\react-native\Libraries\Renderer\implementations\ReactFabric-dev.js)
  commitLayoutEffectOnFiber (node_modules\react-native\Libraries\Renderer\implementations\ReactFabric-dev.js)
  recursivelyTraverseLayoutEffects (node_modules\react-native\Libraries\Renderer\implementations\ReactFabric-dev.js)
  commitLayoutEffectOnFiber (node_modules\react-native\Libraries\Renderer\implementations\ReactFabric-dev.js)
  recursivelyTraverseLayoutEffects (node_modules\react-native\Libraries\Renderer\implementations\ReactFabric-dev.js)
  recursivelyTraverseLayoutEffects (node_modules\react-native\Libraries\Renderer\implementations\ReactFabric-dev.js)
  commitLayoutEffectOnFiber (node_modules\react-native\Libraries\Renderer\implementations\ReactFabric-dev.js)
  recursivelyTraverseLayoutEffects (node_modules\react-native\Libraries\Renderer\implementations\ReactFabric-dev.js)
  commitLayoutEffectOnFiber (node_modules\react-native\Libraries\Renderer\implementations\ReactFabric-dev.js)
  recursivelyTraverseLayoutEffects (node_modules\react-native\Libraries\Renderer\implementations\ReactFabric-dev.js)
  commitLayoutEffectOnFiber (node_modules\react-native\Libraries\Renderer\implementations\ReactFabric-dev.js)
  recursivelyTraverseLayoutEffects (node_modules\react-native\Libraries\Renderer\implementations\ReactFabric-dev.js)
  commitLayoutEffectOnFiber (node_modules\react-native\Libraries\Renderer\implementations\ReactFabric-dev.js)
  recursivelyTraverseLayoutEffects (node_modules\react-native\Libraries\Renderer\implementations\ReactFabric-dev.js)
  commitLayoutEffectOnFiber (node_modules\react-native\Libraries\Renderer\implementations\ReactFabric-dev.js)
  recursivelyTraverseLayoutEffects (node_modules\react-native\Libraries\Renderer\implementations\ReactFabric-dev.js)
  commitLayoutEffectOnFiber (node_modules\react-native\Libraries\Renderer\implementations\ReactFabric-dev.js)
  recursivelyTraverseLayoutEffects (node_modules\react-native\Libraries\Renderer\implementations\ReactFabric-dev.js)
  commitLayoutEffectOnFiber (node_modules\react-native\Libraries\Renderer\implementations\ReactFabric-dev.js)
  recursivelyTraverseLayoutEffects (node_modules\react-native\Libraries\Renderer\implementations\ReactFabric-dev.js)
  commitLayoutEffectOnFiber (node_modules\react-native\Libraries\Renderer\implementations\ReactFabric-dev.js)
  recursivelyTraverseLayoutEffects (node_modules\react-native\Libraries\Renderer\implementations\ReactFabric-dev.js)
  commitLayoutEffectOnFiber (node_modules\react-native\Libraries\Renderer\implementations\ReactFabric-dev.js)
  recursivelyTraverseLayoutEffects (node_modules\react-native\Libraries\Renderer\implementations\ReactFabric-dev.js)
  commitLayoutEffectOnFiber (node_modules\react-native\Libraries\Renderer\implementations\ReactFabric-dev.js)
  recursivelyTraverseLayoutEffects (node_modules\react-native\Libraries\Renderer\implementations\ReactFabric-dev.js)
  commitLayoutEffectOnFiber (node_modules\react-native\Libraries\Renderer\implementations\ReactFabric-dev.js)
  recursivelyTraverseLayoutEffects (node_modules\react-native\Libraries\Renderer\implementations\ReactFabric-dev.js)
  commitLayoutEffectOnFiber (node_modules\react-native\Libraries\Renderer\implementations\ReactFabric-dev.js)
  recursivelyTraverseLayoutEffects (node_modules\react-native\Libraries\Renderer\implementations\ReactFabric-dev.js)
  commitLayoutEffectOnFiber (node_modules\react-native\Libraries\Renderer\implementations\ReactFabric-dev.js)
  recursivelyTraverseLayoutEffects (node_modules\react-native\Libraries\Renderer\implementations\ReactFabric-dev.js)
  commitLayoutEffectOnFiber (node_modules\react-native\Libraries\Renderer\implementations\ReactFabric-dev.js)
  recursivelyTraverseLayoutEffects (node_modules\react-native\Libraries\Renderer\implementations\ReactFabric-dev.js)
  commitLayoutEffectOnFiber (node_modules\react-native\Libraries\Renderer\implementations\ReactFabric-dev.js)
  recursivelyTraverseLayoutEffects (node_modules\react-native\Libraries\Renderer\implementations\ReactFabric-dev.js)
  commitLayoutEffectOnFiber (node_modules\react-native\Libraries\Renderer\implementations\ReactFabric-dev.js)
  recursivelyTraverseLayoutEffects (node_modules\react-native\Libraries\Renderer\implementations\ReactFabric-dev.js)
  commitLayoutEffectOnFiber (node_modules\react-native\Libraries\Renderer\implementations\ReactFabric-dev.js)
  recursivelyTraverseLayoutEffects (node_modules\react-native\Libraries\Renderer\implementations\ReactFabric-dev.js)
  commitLayoutEffectOnFiber (node_modules\react-native\Libraries\Renderer\implementations\ReactFabric-dev.js)
  recursivelyTraverseLayoutEffects (node_modules\react-native\Libraries\Renderer\implementations\ReactFabric-dev.js)
  commitLayoutEffectOnFiber (node_modules\react-native\Libraries\Renderer\implementations\ReactFabric-dev.js)
  recursivelyTraverseLayoutEffects (node_modules\react-native\Libraries\Renderer\implementations\ReactFabric-dev.js)
  commitLayoutEffectOnFiber (node_modules\react-native\Libraries\Renderer\implementations\ReactFabric-dev.js)
  recursivelyTraverseLayoutEffects (node_modules\react-native\Libraries\Renderer\implementations\ReactFabric-dev.js)
  commitLayoutEffectOnFiber (node_modules\react-native\Libraries\Renderer\implementations\ReactFabric-dev.js)
  flushLayoutEffects (node_modules\react-native\Libraries\Renderer\implementations\ReactFabric-dev.js)
  commitRoot (node_modules\react-native\Libraries\Renderer\implementations\ReactFabric-dev.js)
  commitRootWhenReady (node_modules\react-native\Libraries\Renderer\implementations\ReactFabric-dev.js)
  performWorkOnRoot (node_modules\react-native\Libraries\Renderer\implementations\ReactFabric-dev.js)
  performSyncWorkOnRoot (node_modules\react-native\Libraries\Renderer\implementations\ReactFabric-dev.js)
  flushSyncWorkAcrossRoots_impl (node_modules\react-native\Libraries\Renderer\implementations\ReactFabric-dev.js)
  processRootScheduleInMicrotask (node_modules\react-native\Libraries\Renderer\implementations\ReactFabric-dev.js)
  scheduleMicrotask$argument_0 (node_modules\react-native\Libraries\Renderer\implementations\ReactFabric-dev.js) 

Call Stack
  RemapPropsComponent (node_modules\react-native-css-interop\dist\runtime\native\api.js)
  call (<native>)
  apply (<native>)
  <anonymous> (node_modules\react-native-css-interop\dist\runtime\wrap-jsx.js)
  AnimatedComponent (node_modules\react-native\Libraries\Animated\createAnimatedComponent.js)
  call (<native>)
  apply (<native>)
  <anonymous> (node_modules\react-native-css-interop\dist\runtime\wrap-jsx.js)
  Onboarding (app\onboarding.jsx)
  call (<native>)
  apply (<native>)
  <anonymous> (node_modules\react-native-css-interop\dist\runtime\wrap-jsx.js)
  BaseRoute (node_modules\expo-router\build\useScreens.js)
  SceneView (node_modules\@react-navigation\core\lib\module\SceneView.js)
  render (node_modules\@react-navigation\core\lib\module\useDescriptors.js)
  routes.reduce$argument_0 (node_modules\@react-navigation\core\lib\module\useDescriptors.js)
  reduce (<native>)
  useDescriptors (node_modules\@react-navigation\core\lib\module\useDescriptors.js)
  useNavigationBuilder (node_modules\@react-navigation\core\lib\module\useNavigationBuilder.js)
  NativeStackNavigator (node_modules\expo-router\build\fork\native-stack\createNativeStackNavigator.js)
  call (<native>)
  apply (<native>)
  <anonymous> (node_modules\react-native-css-interop\dist\runtime\wrap-jsx.js)
  <anonymous> (node_modules\expo-router\build\layouts\withLayoutContext.js)
  call (<native>)
  apply (<native>)
  <anonymous> (node_modules\react-native-css-interop\dist\runtime\wrap-jsx.js)
  Object.assign$argument_0 (node_modules\expo-router\build\layouts\StackClient.js)
  call (<native>)
  apply (<native>)
  <anonymous> (node_modules\react-native-css-interop\dist\runtime\wrap-jsx.js)
  RootLayout (app\_layout.jsx)
  call (<native>)
  apply (<native>)
  <anonymous> (node_modules\react-native-css-interop\dist\runtime\wrap-jsx.js)
  BaseRoute (node_modules\expo-router\build\useScreens.js)
  SceneView (node_modules\@react-navigation\core\lib\module\SceneView.js)
  render (node_modules\@react-navigation\core\lib\module\useDescriptors.js)
  routes.reduce$argument_0 (node_modules\@react-navigation\core\lib\module\useDescriptors.js)
  reduce (<native>)
  useDescriptors (node_modules\@react-navigation\core\lib\module\useDescriptors.js)
  useNavigationBuilder (node_modules\@react-navigation\core\lib\module\useNavigationBuilder.js)
  Content (node_modules\expo-router\build\ExpoRoot.js)
  call (<native>)
  apply (<native>)
  <anonymous> (node_modules\react-native-css-interop\dist\runtime\wrap-jsx.js)
  ContextNavigator (node_modules\expo-router\build\ExpoRoot.js)
  call (<native>)
  apply (<native>)
  <anonymous> (node_modules\react-native-css-interop\dist\runtime\wrap-jsx.js)
  ExpoRoot (node_modules\expo-router\build\ExpoRoot.js)
  call (<native>)
  apply (<native>)
  <anonymous> (node_modules\react-native-css-interop\dist\runtime\wrap-jsx.js)
  App (node_modules\expo-router\build\qualified-entry.js)
  call (<native>)
  apply (<native>)
  <anonymous> (node_modules\react-native-css-interop\dist\runtime\wrap-jsx.js)
  WithDevTools (node_modules\expo\src\launch\withDevTools.tsx)
 ERROR  Style property 'width' is not supported by native animated module 

Call Stack
  construct (<native>)
  apply (<native>)
  _construct (node_modules\@babel\runtime\helpers\construct.js)
  Wrapper (node_modules\@babel\runtime\helpers\wrapNativeSuper.js)
  construct (<native>)
  _callSuper (node_modules\@babel\runtime\helpers\callSuper.js)
  NamelessError (node_modules\@expo\metro-runtime\src\metroServerLogs.native.ts)
  captureCurrentStack (node_modules\@expo\metro-runtime\src\metroServerLogs.native.ts)
  HMRClient.log (node_modules\@expo\metro-runtime\src\metroServerLogs.native.ts)
  console.level (node_modules\react-native\Libraries\Core\setUpDeveloperTools.js)
  validateStyles (node_modules\react-native\src\private\animated\NativeAnimatedValidation.js)
  __getNativeConfig (node_modules\react-native\Libraries\Animated\nodes\AnimatedStyle.js)
  __getNativeTag (node_modules\react-native\Libraries\Animated\nodes\AnimatedNode.js)
  __makeNative (node_modules\react-native\Libraries\Animated\nodes\AnimatedWithChildren.js)
  apply (<native>)
  <anonymous> (node_modules\@babel\runtime\helpers\superPropGet.js)
  __makeNative (node_modules\react-native\Libraries\Animated\nodes\AnimatedStyle.js)
  __makeNative (node_modules\react-native\Libraries\Animated\nodes\AnimatedWithChildren.js)
  apply (<native>)
  <anonymous> (node_modules\@babel\runtime\helpers\superPropGet.js)
  __makeNative (node_modules\react-native\Libraries\Animated\nodes\AnimatedInterpolation.js)
  __makeNative (node_modules\react-native\Libraries\Animated\nodes\AnimatedStyle.js)
  __makeNative (node_modules\react-native\Libraries\Animated\nodes\AnimatedWithChildren.js)
  apply (<native>)
  <anonymous> (node_modules\@babel\runtime\helpers\superPropGet.js)
  __makeNative (node_modules\react-native\Libraries\Animated\nodes\AnimatedInterpolation.js)
  __makeNative (node_modules\react-native\Libraries\Animated\nodes\AnimatedWithChildren.js)
  apply (<native>)
  <anonymous> (node_modules\@babel\runtime\helpers\superPropGet.js)
  __makeNative (node_modules\react-native\Libraries\Animated\nodes\AnimatedValue.js)
  traverse (node_modules\react-native\Libraries\Animated\AnimatedEvent.js)
  traverse (node_modules\react-native\Libraries\Animated\AnimatedEvent.js)
  traverse (node_modules\react-native\Libraries\Animated\AnimatedEvent.js)
  attachNativeEventImpl (node_modules\react-native\Libraries\Animated\AnimatedEvent.js)
  __attach (node_modules\react-native\Libraries\Animated\AnimatedEvent.js)
  refEffect (node_modules\react-native\src\private\animated\createAnimatedPropsHook.js)
  <anonymous> (node_modules\react-native\Libraries\Utilities\useRefEffect.js)
  refs.map$argument_0 (node_modules\react-native\Libraries\Utilities\useMergeRefs.js)
  map (<native>)
  refEffect (node_modules\react-native\Libraries\Utilities\useMergeRefs.js)
  <anonymous> (node_modules\react-native\Libraries\Utilities\useRefEffect.js)
  commitAttachRef (node_modules\react-native\Libraries\Renderer\implementations\ReactFabric-dev.js)
  runWithFiberInDEV (node_modules\react-native\Libraries\Renderer\implementations\ReactFabric-dev.js)
  safelyAttachRef (node_modules\react-native\Libraries\Renderer\implementations\ReactFabric-dev.js)
  commitLayoutEffectOnFiber (node_modules\react-native\Libraries\Renderer\implementations\ReactFabric-dev.js)
  recursivelyTraverseLayoutEffects (node_modules\react-native\Libraries\Renderer\implementations\ReactFabric-dev.js)
  commitLayoutEffectOnFiber (node_modules\react-native\Libraries\Renderer\implementations\ReactFabric-dev.js)
  recursivelyTraverseLayoutEffects (node_modules\react-native\Libraries\Renderer\implementations\ReactFabric-dev.js)
  commitLayoutEffectOnFiber (node_modules\react-native\Libraries\Renderer\implementations\ReactFabric-dev.js)
  recursivelyTraverseLayoutEffects (node_modules\react-native\Libraries\Renderer\implementations\ReactFabric-dev.js)
  recursivelyTraverseLayoutEffects (node_modules\react-native\Libraries\Renderer\implementations\ReactFabric-dev.js)
  commitLayoutEffectOnFiber (node_modules\react-native\Libraries\Renderer\implementations\ReactFabric-dev.js)
  recursivelyTraverseLayoutEffects (node_modules\react-native\Libraries\Renderer\implementations\ReactFabric-dev.js)
  commitLayoutEffectOnFiber (node_modules\react-native\Libraries\Renderer\implementations\ReactFabric-dev.js)
  recursivelyTraverseLayoutEffects (node_modules\react-native\Libraries\Renderer\implementations\ReactFabric-dev.js)
  commitLayoutEffectOnFiber (node_modules\react-native\Libraries\Renderer\implementations\ReactFabric-dev.js)
  recursivelyTraverseLayoutEffects (node_modules\react-native\Libraries\Renderer\implementations\ReactFabric-dev.js)
  commitLayoutEffectOnFiber (node_modules\react-native\Libraries\Renderer\implementations\ReactFabric-dev.js)
  recursivelyTraverseLayoutEffects (node_modules\react-native\Libraries\Renderer\implementations\ReactFabric-dev.js)
  commitLayoutEffectOnFiber (node_modules\react-native\Libraries\Renderer\implementations\ReactFabric-dev.js)
  recursivelyTraverseLayoutEffects (node_modules\react-native\Libraries\Renderer\implementations\ReactFabric-dev.js)
  commitLayoutEffectOnFiber (node_modules\react-native\Libraries\Renderer\implementations\ReactFabric-dev.js)
  recursivelyTraverseLayoutEffects (node_modules\react-native\Libraries\Renderer\implementations\ReactFabric-dev.js)
  commitLayoutEffectOnFiber (node_modules\react-native\Libraries\Renderer\implementations\ReactFabric-dev.js)
  recursivelyTraverseLayoutEffects (node_modules\react-native\Libraries\Renderer\implementations\ReactFabric-dev.js)
  commitLayoutEffectOnFiber (node_modules\react-native\Libraries\Renderer\implementations\ReactFabric-dev.js)
  recursivelyTraverseLayoutEffects (node_modules\react-native\Libraries\Renderer\implementations\ReactFabric-dev.js)
  commitLayoutEffectOnFiber (node_modules\react-native\Libraries\Renderer\implementations\ReactFabric-dev.js)
  recursivelyTraverseLayoutEffects (node_modules\react-native\Libraries\Renderer\implementations\ReactFabric-dev.js)
  commitLayoutEffectOnFiber (node_modules\react-native\Libraries\Renderer\implementations\ReactFabric-dev.js)
  recursivelyTraverseLayoutEffects (node_modules\react-native\Libraries\Renderer\implementations\ReactFabric-dev.js)
  commitLayoutEffectOnFiber (node_modules\react-native\Libraries\Renderer\implementations\ReactFabric-dev.js)
  recursivelyTraverseLayoutEffects (node_modules\react-native\Libraries\Renderer\implementations\ReactFabric-dev.js)
  commitLayoutEffectOnFiber (node_modules\react-native\Libraries\Renderer\implementations\ReactFabric-dev.js)
  recursivelyTraverseLayoutEffects (node_modules\react-native\Libraries\Renderer\implementations\ReactFabric-dev.js)
  commitLayoutEffectOnFiber (node_modules\react-native\Libraries\Renderer\implementations\ReactFabric-dev.js)
  recursivelyTraverseLayoutEffects (node_modules\react-native\Libraries\Renderer\implementations\ReactFabric-dev.js)
  commitLayoutEffectOnFiber (node_modules\react-native\Libraries\Renderer\implementations\ReactFabric-dev.js)
  recursivelyTraverseLayoutEffects (node_modules\react-native\Libraries\Renderer\implementations\ReactFabric-dev.js)
  commitLayoutEffectOnFiber (node_modules\react-native\Libraries\Renderer\implementations\ReactFabric-dev.js)
  recursivelyTraverseLayoutEffects (node_modules\react-native\Libraries\Renderer\implementations\ReactFabric-dev.js)
  commitLayoutEffectOnFiber (node_modules\react-native\Libraries\Renderer\implementations\ReactFabric-dev.js)
  recursivelyTraverseLayoutEffects (node_modules\react-native\Libraries\Renderer\implementations\ReactFabric-dev.js)
  commitLayoutEffectOnFiber (node_modules\react-native\Libraries\Renderer\implementations\ReactFabric-dev.js)
  recursivelyTraverseLayoutEffects (node_modules\react-native\Libraries\Renderer\implementations\ReactFabric-dev.js)
  commitLayoutEffectOnFiber (node_modules\react-native\Libraries\Renderer\implementations\ReactFabric-dev.js)
  recursivelyTraverseLayoutEffects (node_modules\react-native\Libraries\Renderer\implementations\ReactFabric-dev.js)
  commitLayoutEffectOnFiber (node_modules\react-native\Libraries\Renderer\implementations\ReactFabric-dev.js)
  recursivelyTraverseLayoutEffects (node_modules\react-native\Libraries\Renderer\implementations\ReactFabric-dev.js)
  commitLayoutEffectOnFiber (node_modules\react-native\Libraries\Renderer\implementations\ReactFabric-dev.js)
  recursivelyTraverseLayoutEffects (node_modules\react-native\Libraries\Renderer\implementations\ReactFabric-dev.js)
  commitLayoutEffectOnFiber (node_modules\react-native\Libraries\Renderer\implementations\ReactFabric-dev.js)
  flushLayoutEffects (node_modules\react-native\Libraries\Renderer\implementations\ReactFabric-dev.js)
  commitRoot (node_modules\react-native\Libraries\Renderer\implementations\ReactFabric-dev.js)
  commitRootWhenReady (node_modules\react-native\Libraries\Renderer\implementations\ReactFabric-dev.js)
  performWorkOnRoot (node_modules\react-native\Libraries\Renderer\implementations\ReactFabric-dev.js)
  performSyncWorkOnRoot (node_modules\react-native\Libraries\Renderer\implementations\ReactFabric-dev.js)
  flushSyncWorkAcrossRoots_impl (node_modules\react-native\Libraries\Renderer\implementations\ReactFabric-dev.js)
  processRootScheduleInMicrotask (node_modules\react-native\Libraries\Renderer\implementations\ReactFabric-dev.js)
  scheduleMicrotask$argument_0 (node_modules\react-native\Libraries\Renderer\implementations\ReactFabric-dev.js) 

Call Stack
  RemapPropsComponent (node_modules\react-native-css-interop\dist\runtime\native\api.js)
  call (<native>)
  apply (<native>)
  <anonymous> (node_modules\react-native-css-interop\dist\runtime\wrap-jsx.js)
  AnimatedComponent (node_modules\react-native\Libraries\Animated\createAnimatedComponent.js)
  call (<native>)
  apply (<native>)
  <anonymous> (node_modules\react-native-css-interop\dist\runtime\wrap-jsx.js)
  Onboarding (app\onboarding.jsx)
  call (<native>)
  apply (<native>)
  <anonymous> (node_modules\react-native-css-interop\dist\runtime\wrap-jsx.js)
  BaseRoute (node_modules\expo-router\build\useScreens.js)
  SceneView (node_modules\@react-navigation\core\lib\module\SceneView.js)
  render (node_modules\@react-navigation\core\lib\module\useDescriptors.js)
  routes.reduce$argument_0 (node_modules\@react-navigation\core\lib\module\useDescriptors.js)
  reduce (<native>)
  useDescriptors (node_modules\@react-navigation\core\lib\module\useDescriptors.js)
  useNavigationBuilder (node_modules\@react-navigation\core\lib\module\useNavigationBuilder.js)
  NativeStackNavigator (node_modules\expo-router\build\fork\native-stack\createNativeStackNavigator.js)
  call (<native>)
  apply (<native>)
  <anonymous> (node_modules\react-native-css-interop\dist\runtime\wrap-jsx.js)
  <anonymous> (node_modules\expo-router\build\layouts\withLayoutContext.js)
  call (<native>)
  apply (<native>)
  <anonymous> (node_modules\react-native-css-interop\dist\runtime\wrap-jsx.js)
  Object.assign$argument_0 (node_modules\expo-router\build\layouts\StackClient.js)
  call (<native>)
  apply (<native>)
  <anonymous> (node_modules\react-native-css-interop\dist\runtime\wrap-jsx.js)
  RootLayout (app\_layout.jsx)
  call (<native>)
  apply (<native>)
  <anonymous> (node_modules\react-native-css-interop\dist\runtime\wrap-jsx.js)
  BaseRoute (node_modules\expo-router\build\useScreens.js)
  SceneView (node_modules\@react-navigation\core\lib\module\SceneView.js)
  render (node_modules\@react-navigation\core\lib\module\useDescriptors.js)
  routes.reduce$argument_0 (node_modules\@react-navigation\core\lib\module\useDescriptors.js)
  reduce (<native>)
  useDescriptors (node_modules\@react-navigation\core\lib\module\useDescriptors.js)
  useNavigationBuilder (node_modules\@react-navigation\core\lib\module\useNavigationBuilder.js)
  Content (node_modules\expo-router\build\ExpoRoot.js)
  call (<native>)
  apply (<native>)
  <anonymous> (node_modules\react-native-css-interop\dist\runtime\wrap-jsx.js)
  ContextNavigator (node_modules\expo-router\build\ExpoRoot.js)
  call (<native>)
  apply (<native>)
  <anonymous> (node_modules\react-native-css-interop\dist\runtime\wrap-jsx.js)
  ExpoRoot (node_modules\expo-router\build\ExpoRoot.js)
  call (<native>)
  apply (<native>)
  <anonymous> (node_modules\react-native-css-interop\dist\runtime\wrap-jsx.js)
  App (node_modules\expo-router\build\qualified-entry.js)
  call (<native>)
  apply (<native>)
  <anonymous> (node_modules\react-native-css-interop\dist\runtime\wrap-jsx.js)
  WithDevTools (node_modules\expo\src\launch\withDevTools.tsx)
Android node_modules\expo-router\entry.js ░░░░░░░░░░░░░░░░  0.0% (0/1)
Android Bundled 22548ms node_modules\expo-router\entry.js (1 module)
Android node_modules\expo-router\entry.js ░░░░░░░░░░░░░░░░  0.0% (0/1)
Android node_modules\expo-router\entry.js ░░░░░░░░░░░░░░░░  0.0% (0/1)
Android Bundled 293ms node_modules\expo-router\entry.js (1 module)
 WARN  SafeAreaView has been deprecated and will be removed in a future release. Please use 'react-native-safe-area-context' instead. See https://github.com/th3rdwave/react-native-safe-area-context
Android node_modules\expo-router\entry.js ░░░░░░░░░░░░░░░░  0.0% (0/1)
Android Bundled 657ms node_modules\expo-router\entry.js (1 module)
